This is pdfTeX, Version 3.141592653-2.6-1.40.25 (TeX Live 2023/Debian) (preloaded format=pdflatex 2026.4.21)  27 APR 2026 16:50
entering extended mode
 restricted \write18 enabled.
 %&-line parsing enabled.
**CBMPy.tex
(./CBMPy.tex
LaTeX2e <2023-11-01> patch level 1
L3 programming layer <2024-01-22>
(./sphinxmanual.cls
Document Class: sphinxmanual 2019/12/01 v2.3.0 Document class (Sphinx manual)
(/usr/share/texlive/texmf-dist/tex/latex/base/report.cls
Document Class: report 2023/05/17 v1.4n Standard LaTeX document class
(/usr/share/texlive/texmf-dist/tex/latex/base/size12.clo
File: size12.clo 2023/05/17 v1.4n Standard LaTeX file (size option)
)
\c@part=\count187
\c@chapter=\count188
\c@section=\count189
\c@subsection=\count190
\c@subsubsection=\count191
\c@paragraph=\count192
\c@subparagraph=\count193
\c@figure=\count194
\c@table=\count195
\abovecaptionskip=\skip48
\belowcaptionskip=\skip49
\bibindent=\dimen140
)
LaTeX Info: Redefining \and on input line 35.
)
\sphinxremdimen=\dimen141

(/usr/share/texlive/texmf-dist/tex/latex/base/inputenc.sty
Package: inputenc 2021/02/14 v1.3d Input encoding file
\inpenc@prehook=\toks17
\inpenc@posthook=\toks18
)
   defining Unicode char U+00A0 (decimal 160)
   defining Unicode char U+2500 (decimal 9472)
   defining Unicode char U+2502 (decimal 9474)
   defining Unicode char U+2514 (decimal 9492)
   defining Unicode char U+251C (decimal 9500)
   defining Unicode char U+2572 (decimal 9586)

(/usr/share/texlive/texmf-dist/tex/latex/cmap/cmap.sty
Package: cmap 2021/02/06 v1.0j CMap support: searchable PDF
)
(/usr/share/texlive/texmf-dist/tex/latex/base/fontenc.sty
Package: fontenc 2021/04/29 v2.0v Standard LaTeX package
<<t1.cmap>>)
(/usr/share/texlive/texmf-dist/tex/latex/amsmath/amsmath.sty
Package: amsmath 2023/05/13 v2.17o AMS math features
\@mathmargin=\skip50

For additional information on amsmath, use the `?' option.
(/usr/share/texlive/texmf-dist/tex/latex/amsmath/amstext.sty
Package: amstext 2021/08/26 v2.01 AMS text

(/usr/share/texlive/texmf-dist/tex/latex/amsmath/amsgen.sty
File: amsgen.sty 1999/11/30 v2.0 generic functions
\@emptytoks=\toks19
\ex@=\dimen142
))
(/usr/share/texlive/texmf-dist/tex/latex/amsmath/amsbsy.sty
Package: amsbsy 1999/11/29 v1.2d Bold Symbols
\pmbraise@=\dimen143
)
(/usr/share/texlive/texmf-dist/tex/latex/amsmath/amsopn.sty
Package: amsopn 2022/04/08 v2.04 operator names
)
\inf@bad=\count196
LaTeX Info: Redefining \frac on input line 234.
\uproot@=\count197
\leftroot@=\count198
LaTeX Info: Redefining \overline on input line 399.
LaTeX Info: Redefining \colon on input line 410.
\classnum@=\count199
\DOTSCASE@=\count266
LaTeX Info: Redefining \ldots on input line 496.
LaTeX Info: Redefining \dots on input line 499.
LaTeX Info: Redefining \cdots on input line 620.
\Mathstrutbox@=\box51
\strutbox@=\box52
LaTeX Info: Redefining \big on input line 722.
LaTeX Info: Redefining \Big on input line 723.
LaTeX Info: Redefining \bigg on input line 724.
LaTeX Info: Redefining \Bigg on input line 725.
\big@size=\dimen144
LaTeX Font Info:    Redeclaring font encoding OML on input line 743.
LaTeX Font Info:    Redeclaring font encoding OMS on input line 744.
\macc@depth=\count267
LaTeX Info: Redefining \bmod on input line 905.
LaTeX Info: Redefining \pmod on input line 910.
LaTeX Info: Redefining \smash on input line 940.
LaTeX Info: Redefining \relbar on input line 970.
LaTeX Info: Redefining \Relbar on input line 971.
\c@MaxMatrixCols=\count268
\dotsspace@=\muskip16
\c@parentequation=\count269
\dspbrk@lvl=\count270
\tag@help=\toks20
\row@=\count271
\column@=\count272
\maxfields@=\count273
\andhelp@=\toks21
\eqnshift@=\dimen145
\alignsep@=\dimen146
\tagshift@=\dimen147
\tagwidth@=\dimen148
\totwidth@=\dimen149
\lineht@=\dimen150
\@envbody=\toks22
\multlinegap=\skip51
\multlinetaggap=\skip52
\mathdisplay@stack=\toks23
LaTeX Info: Redefining \[ on input line 2953.
LaTeX Info: Redefining \] on input line 2954.
)
(/usr/share/texlive/texmf-dist/tex/latex/amsfonts/amssymb.sty
Package: amssymb 2013/01/14 v3.01 AMS font symbols

(/usr/share/texlive/texmf-dist/tex/latex/amsfonts/amsfonts.sty
Package: amsfonts 2013/01/14 v3.01 Basic AMSFonts support
\symAMSa=\mathgroup4
\symAMSb=\mathgroup5
LaTeX Font Info:    Redeclaring math symbol \hbar on input line 98.
LaTeX Font Info:    Overwriting math alphabet `\mathfrak' in version `bold'
(Font)                  U/euf/m/n --> U/euf/b/n on input line 106.
))
(/usr/share/texlive/texmf-dist/tex/generic/babel/babel.sty
Package: babel 2024/01/07 v24.1 The Babel package
\babel@savecnt=\count274
\U@D=\dimen151
\l@unhyphenated=\language5

(/usr/share/texlive/texmf-dist/tex/generic/babel/txtbabel.def)
\bbl@readstream=\read2
\bbl@dirlevel=\count275

(/usr/share/texlive/texmf-dist/tex/generic/babel-english/english.ldf
Language: english 2017/06/06 v3.3r English support from the babel system
Package babel Info: Hyphen rules for 'british' set to \l@english
(babel)             (\language0). Reported on input line 82.
Package babel Info: Hyphen rules for 'UKenglish' set to \l@english
(babel)             (\language0). Reported on input line 83.
Package babel Info: Hyphen rules for 'canadian' set to \l@english
(babel)             (\language0). Reported on input line 102.
Package babel Info: Hyphen rules for 'australian' set to \l@english
(babel)             (\language0). Reported on input line 105.
Package babel Info: Hyphen rules for 'newzealand' set to \l@english
(babel)             (\language0). Reported on input line 108.
))
(/usr/share/texlive/texmf-dist/tex/generic/babel/locale/en/babel-english.tex
Package babel Info: Importing font and identification data for english
(babel)             from babel-en.ini. Reported on input line 11.
)
(/usr/share/texmf/tex/latex/tex-gyre/tgtermes.sty
Package: tgtermes 2009/09/27 v1.2 TeX Gyre Termes as default roman family

(/usr/share/texlive/texmf-dist/tex/latex/kvoptions/kvoptions.sty
Package: kvoptions 2022-06-15 v3.15 Key value format for package options (HO)

(/usr/share/texlive/texmf-dist/tex/latex/graphics/keyval.sty
Package: keyval 2022/05/29 v1.15 key=value parser (DPC)
\KV@toks@=\toks24
)
(/usr/share/texlive/texmf-dist/tex/generic/ltxcmds/ltxcmds.sty
Package: ltxcmds 2023-12-04 v1.26 LaTeX kernel commands for general use (HO)
)
(/usr/share/texlive/texmf-dist/tex/latex/kvsetkeys/kvsetkeys.sty
Package: kvsetkeys 2022-10-05 v1.19 Key value parser (HO)
)))
(/usr/share/texmf/tex/latex/tex-gyre/tgheros.sty
Package: tgheros 2009/09/27 v1.2 TeX Gyre Heros as default sans serif family
)
(/usr/share/texlive/texmf-dist/tex/latex/fncychap/fncychap.sty
Package: fncychap 2007/07/30 v1.34 LaTeX package (Revised chapters)
\RW=\skip53
\mylen=\skip54
\myhi=\skip55
\px=\skip56
\py=\skip57
\pyy=\skip58
\pxx=\skip59
\c@AlphaCnt=\count276
\c@AlphaDecCnt=\count277
) (./sphinx.sty
Package: sphinx 2025/12/26 v9.1.0 Sphinx LaTeX package (sphinx-doc)

(/usr/share/texlive/texmf-dist/tex/latex/xcolor/xcolor.sty
Package: xcolor 2023/11/15 v3.01 LaTeX color extensions (UK)

(/usr/share/texlive/texmf-dist/tex/latex/graphics-cfg/color.cfg
File: color.cfg 2016/01/02 v1.6 sample color configuration
)
Package xcolor Info: Driver file: pdftex.def on input line 274.

(/usr/share/texlive/texmf-dist/tex/latex/graphics-def/pdftex.def
File: pdftex.def 2022/09/22 v1.2b Graphics/color driver for pdftex
)
(/usr/share/texlive/texmf-dist/tex/latex/graphics/mathcolor.ltx)
Package xcolor Info: Model `cmy' substituted by `cmy0' on input line 1350.
Package xcolor Info: Model `hsb' substituted by `rgb' on input line 1354.
Package xcolor Info: Model `RGB' extended on input line 1366.
Package xcolor Info: Model `HTML' substituted by `rgb' on input line 1368.
Package xcolor Info: Model `Hsb' substituted by `hsb' on input line 1369.
Package xcolor Info: Model `tHsb' substituted by `hsb' on input line 1370.
Package xcolor Info: Model `HSB' substituted by `hsb' on input line 1371.
Package xcolor Info: Model `Gray' substituted by `gray' on input line 1372.
Package xcolor Info: Model `wave' substituted by `hsb' on input line 1373.
)
(./sphinxoptionshyperref.sty
Package: sphinxoptionshyperref 2021/01/27 hyperref
) (./sphinxoptionsgeometry.sty
Package: sphinxoptionsgeometry 2021/01/27 geometry
)
(/usr/share/texlive/texmf-dist/tex/latex/base/textcomp.sty
Package: textcomp 2020/02/02 v2.0n Standard LaTeX package
)
(/usr/share/texlive/texmf-dist/tex/latex/float/float.sty
Package: float 2001/11/08 v1.3d Float enhancements (AL)
\c@float@type=\count278
\float@exts=\toks25
\float@box=\box53
\@float@everytoks=\toks26
\@floatcapt=\box54
)
(/usr/share/texlive/texmf-dist/tex/latex/wrapfig/wrapfig.sty
\wrapoverhang=\dimen152
\WF@size=\dimen153
\c@WF@wrappedlines=\count279
\WF@box=\box55
\WF@everypar=\toks27
Package: wrapfig 2003/01/31  v 3.6
)
(/usr/share/texlive/texmf-dist/tex/latex/capt-of/capt-of.sty
Package: capt-of 2009/12/29 v0.2 standard captions outside of floats
)
(/usr/share/texlive/texmf-dist/tex/latex/tools/multicol.sty
Package: multicol 2023/03/30 v1.9f multicolumn formatting (FMi)
\c@tracingmulticols=\count280
\mult@box=\box56
\multicol@leftmargin=\dimen154
\c@unbalance=\count281
\c@collectmore=\count282
\doublecol@number=\count283
\multicoltolerance=\count284
\multicolpretolerance=\count285
\full@width=\dimen155
\page@free=\dimen156
\premulticols=\dimen157
\postmulticols=\dimen158
\multicolsep=\skip60
\multicolbaselineskip=\skip61
\partial@page=\box57
\last@line=\box58
\mc@boxedresult=\box59
\maxbalancingoverflow=\dimen159
\mult@rightbox=\box60
\mult@grightbox=\box61
\mult@firstbox=\box62
\mult@gfirstbox=\box63
\@tempa=\box64
\@tempa=\box65
\@tempa=\box66
\@tempa=\box67
\@tempa=\box68
\@tempa=\box69
\@tempa=\box70
\@tempa=\box71
\@tempa=\box72
\@tempa=\box73
\@tempa=\box74
\@tempa=\box75
\@tempa=\box76
\@tempa=\box77
\@tempa=\box78
\@tempa=\box79
\@tempa=\box80
\@tempa=\box81
\@tempa=\box82
\@tempa=\box83
\@tempa=\box84
\@tempa=\box85
\@tempa=\box86
\@tempa=\box87
\@tempa=\box88
\@tempa=\box89
\@tempa=\box90
\@tempa=\box91
\@tempa=\box92
\@tempa=\box93
\@tempa=\box94
\@tempa=\box95
\@tempa=\box96
\@tempa=\box97
\@tempa=\box98
\@tempa=\box99
\c@minrows=\count286
\c@columnbadness=\count287
\c@finalcolumnbadness=\count288
\last@try=\dimen160
\multicolovershoot=\dimen161
\multicolundershoot=\dimen162
\mult@nat@firstbox=\box100
\colbreak@box=\box101
\mc@col@check@num=\count289
)
(/usr/share/texlive/texmf-dist/tex/latex/graphics/graphicx.sty
Package: graphicx 2021/09/16 v1.2d Enhanced LaTeX Graphics (DPC,SPQR)

(/usr/share/texlive/texmf-dist/tex/latex/graphics/graphics.sty
Package: graphics 2022/03/10 v1.4e Standard LaTeX Graphics (DPC,SPQR)

(/usr/share/texlive/texmf-dist/tex/latex/graphics/trig.sty
Package: trig 2021/08/11 v1.11 sin cos tan (DPC)
)
(/usr/share/texlive/texmf-dist/tex/latex/graphics-cfg/graphics.cfg
File: graphics.cfg 2016/06/04 v1.11 sample graphics configuration
)
Package graphics Info: Driver file: pdftex.def on input line 107.
)
\Gin@req@height=\dimen163
\Gin@req@width=\dimen164
)
(./sphinxlatexgraphics.sty
Package: sphinxlatexgraphics 2024/08/13 v8.1.0 graphics
\spx@image@maxheight=\dimen165
\spx@image@box=\box102
) (./sphinxpackageboxes.sty
Package: sphinxpackageboxes 2024/07/01 v7.4.0 advanced colored boxes

(/usr/share/texlive/texmf-dist/tex/latex/pict2e/pict2e.sty
Package: pict2e 2020/09/30 v0.4b Improved picture commands (HjG,RN,JT)

(/usr/share/texlive/texmf-dist/tex/latex/pict2e/pict2e.cfg
File: pict2e.cfg 2016/02/05 v0.1u pict2e configuration for teTeX/TeXLive
)
Package pict2e Info: Driver file: pdftex.def on input line 112.
Package pict2e Info: Driver file for pict2e: p2e-pdftex.def on input line 114.

(/usr/share/texlive/texmf-dist/tex/latex/pict2e/p2e-pdftex.def
File: p2e-pdftex.def 2016/02/05 v0.1u Driver-dependant file (RN,HjG,JT)
)
\pIIe@GRAPH=\toks28
\@arclen=\dimen166
\@arcrad=\dimen167
\pIIe@tempdima=\dimen168
\pIIe@tempdimb=\dimen169
\pIIe@tempdimc=\dimen170
\pIIe@tempdimd=\dimen171
\pIIe@tempdime=\dimen172
\pIIe@tempdimf=\dimen173
)
(/usr/share/texlive/texmf-dist/tex/latex/ellipse/ellipse.sty
Package: ellipse 2004/11/05 v1.0 .dtx ellipse file
)
\@tempdimd=\dimen174
\spx@tempboxa=\box103
\spx@tempboxb=\box104
\spx@boxes@border@top=\dimen175
\spx@boxes@border@right=\dimen176
\spx@boxes@border@bottom=\dimen177
\spx@boxes@border@left=\dimen178
\spx@boxes@padding@top=\dimen179
\spx@boxes@padding@right=\dimen180
\spx@boxes@padding@bottom=\dimen181
\spx@boxes@padding@left=\dimen182
\spx@boxes@shadow@xoffset=\dimen183
\spx@boxes@shadow@yoffset=\dimen184
\spx@boxes@radius@topleft@x=\dimen185
\spx@boxes@radius@topright@x=\dimen186
\spx@boxes@radius@bottomright@x=\dimen187
\spx@boxes@radius@bottomleft@x=\dimen188
\spx@boxes@radius@topleft@y=\dimen189
\spx@boxes@radius@topright@y=\dimen190
\spx@boxes@radius@bottomright@y=\dimen191
\spx@boxes@radius@bottomleft@y=\dimen192
)
(./sphinxlatexadmonitions.sty
Package: sphinxlatexadmonitions 2025/10/24 v9.0.0 admonitions

(/usr/share/texlive/texmf-dist/tex/latex/framed/framed.sty
Package: framed 2011/10/22 v 0.96: framed or shaded text with page breaks
\OuterFrameSep=\skip62
\fb@frw=\dimen193
\fb@frh=\dimen194
\FrameRule=\dimen195
\FrameSep=\dimen196
)
(/usr/share/texlive/texmf-dist/tex/latex/needspace/needspace.sty
Package: needspace 2010/09/12 v1.3d reserve vertical space
)
(./sphinxpackagefootnote.sty
Package: sphinxpackagefootnote 2025/11/15 v9.0.0 Sphinx custom footnotehyper pa
ckage (Sphinx team)
\FNH@notes=\box105
\FNH@toks=\toks29
\FNH@width=\dimen197
\c@sphinxfootnotemark=\count290
)
\spx@notice@border=\dimen198
\c@sphinxtodo=\count291
) (./sphinxlatexliterals.sty
Package: sphinxlatexliterals 2025/12/26 v9.1.0 code-blocks and parsed literals

(/usr/share/texlive/texmf-dist/tex/latex/fancyvrb/fancyvrb.sty
Package: fancyvrb 2024/01/20 4.5c verbatim text (tvz,hv)
\FV@CodeLineNo=\count292
\FV@InFile=\read3
\FV@TabBox=\box106
\c@FancyVerbLine=\count293
\FV@StepNumber=\count294
\FV@OutFile=\write3
)
(/usr/share/texlive/texmf-dist/tex/latex/base/alltt.sty
Package: alltt 2021/01/29 v2.0g defines alltt environment
)
(/usr/share/texlive/texmf-dist/tex/latex/upquote/upquote.sty
Package: upquote 2012/04/19 v1.3 upright-quote and grave-accent glyphs in verba
tim
)
\sphinxcontinuationbox=\box107
\sphinxvisiblespacebox=\box108
\sphinxVerbatim@TitleBox=\box109
\sphinxVerbatim@ContentsBox=\box110
)
(./sphinxlatexshadowbox.sty
Package: sphinxlatexshadowbox 2024/07/28 v8.1.0 sphinxShadowBox
) (./sphinxlatexcontainers.sty
Package: sphinxlatexcontainers 2021/05/03 containers
)
(./sphinxhighlight.sty
Package: sphinxhighlight 2022/06/30 stylesheet for highlighting with pygments
) (./sphinxlatextables.sty
Package: sphinxlatextables 2025/12/30 v9.1.0 tables

(/usr/share/texlive/texmf-dist/tex/latex/tabulary/tabulary.sty
Package: tabulary 2014/06/11 v0.10 tabulary package (DPC)

(/usr/share/texlive/texmf-dist/tex/latex/tools/array.sty
Package: array 2023/10/16 v2.5g Tabular extension package (FMi)
\col@sep=\dimen199
\ar@mcellbox=\box111
\extrarowheight=\dimen256
\NC@list=\toks30
\extratabsurround=\skip63
\backup@length=\skip64
\ar@cellbox=\box112
)
\TY@count=\count295
\TY@linewidth=\dimen257
\tymin=\dimen258
\tymax=\dimen259
\TY@tablewidth=\dimen260
)
(/usr/share/texlive/texmf-dist/tex/latex/tools/longtable.sty
Package: longtable 2023-11-01 v4.19 Multi-page Table package (DPC)
\LTleft=\skip65
\LTright=\skip66
\LTpre=\skip67
\LTpost=\skip68
\LTchunksize=\count296
\LTcapwidth=\dimen261
\LT@head=\box113
\LT@firsthead=\box114
\LT@foot=\box115
\LT@lastfoot=\box116
\LT@gbox=\box117
\LT@cols=\count297
\LT@rows=\count298
\c@LT@tables=\count299
\c@LT@chunks=\count300
\LT@p@ftn=\toks31
)
(/usr/share/texlive/texmf-dist/tex/latex/varwidth/varwidth.sty
Package: varwidth 2009/03/30 ver 0.92;  Variable-width minipages
\@vwid@box=\box118
\sift@deathcycles=\count301
\@vwid@loff=\dimen262
\@vwid@roff=\dimen263
)
\sphinx@TY@tablewidth=\dimen264

(/usr/share/texlive/texmf-dist/tex/latex/colortbl/colortbl.sty
Package: colortbl 2022/06/20 v1.0f Color table columns (DPC)
\everycr=\toks32
\minrowclearance=\skip69
\rownum=\count302
)
(/usr/share/texlive/texmf-dist/tex/latex/booktabs/booktabs.sty
Package: booktabs 2020/01/12 v1.61803398 Publication quality tables
\heavyrulewidth=\dimen265
\lightrulewidth=\dimen266
\cmidrulewidth=\dimen267
\belowrulesep=\dimen268
\belowbottomsep=\dimen269
\aboverulesep=\dimen270
\abovetopsep=\dimen271
\cmidrulesep=\dimen272
\cmidrulekern=\dimen273
\defaultaddspace=\dimen274
\@cmidla=\count303
\@cmidlb=\count304
\@aboverulesep=\dimen275
\@belowrulesep=\dimen276
\@thisruleclass=\count305
\@lastruleclass=\count306
\@thisrulewidth=\dimen277
))
(./sphinxlatexnumfig.sty
Package: sphinxlatexnumfig 2024/07/31 v8.1.0 numbering
) (./sphinxlatexlists.sty
Package: sphinxlatexlists 2021/12/20 lists
\spx@lineitemlabel=\toks33
)
\c@sphinxscope=\count307
 (./sphinxlatexindbibtoc.sty
Package: sphinxlatexindbibtoc 2021/01/27 index, bib., toc

(/usr/share/texlive/texmf-dist/tex/latex/base/makeidx.sty
Package: makeidx 2021/10/04 v1.0m Standard LaTeX package
))
(./sphinxlatexstylepage.sty
Package: sphinxlatexstylepage 2021/01/27 page styling

(/usr/share/texlive/texmf-dist/tex/latex/parskip/parskip.sty
Package: parskip 2021-03-14 v2.0h non-zero parskip adjustments

(/usr/share/texlive/texmf-dist/tex/latex/etoolbox/etoolbox.sty
Package: etoolbox 2020/10/05 v2.5k e-TeX tools for LaTeX (JAW)
\etb@tempcnta=\count308
))
(/usr/share/texlive/texmf-dist/tex/latex/fancyhdr/fancyhdr.sty
Package: fancyhdr 2022/11/09 v4.1 Extensive control of page headers and footers

\f@nch@headwidth=\skip70
\f@nch@O@elh=\skip71
\f@nch@O@erh=\skip72
\f@nch@O@olh=\skip73
\f@nch@O@orh=\skip74
\f@nch@O@elf=\skip75
\f@nch@O@erf=\skip76
\f@nch@O@olf=\skip77
\f@nch@O@orf=\skip78
))
(./sphinxlatexstyleheadings.sty
Package: sphinxlatexstyleheadings 2023/02/11 headings

(/usr/share/texlive/texmf-dist/tex/latex/titlesec/titlesec.sty
Package: titlesec 2023/10/27 v2.16 Sectioning titles
\ttl@box=\box119
\beforetitleunit=\skip79
\aftertitleunit=\skip80
\ttl@plus=\dimen278
\ttl@minus=\dimen279
\ttl@toksa=\toks34
\titlewidth=\dimen280
\titlewidthlast=\dimen281
\titlewidthfirst=\dimen282
))
(./sphinxlatexstyletext.sty
Package: sphinxlatexstyletext 2025/05/24 v9.0.0 text styling
) (./sphinxlatexobjects.sty
Package: sphinxlatexobjects 2025/06/06 documentation environments
\sphinxsignaturesep=\skip81
\sphinxsignaturelistskip=\skip82
\py@argswidth=\skip83
\lineblockindentation=\skip84
\DUlineblockindent=\skip85
)
\sphinxvwdimen=\dimen283
\sphinxvhdimen=\dimen284
\sphinxvmindimen=\dimen285
\sphinxvmaxdimen=\dimen286
\sphinxQdimen=\dimen287
)
(/usr/share/texlive/texmf-dist/tex/latex/geometry/geometry.sty
Package: geometry 2020/01/02 v5.9 Page Geometry

(/usr/share/texlive/texmf-dist/tex/generic/iftex/ifvtex.sty
Package: ifvtex 2019/10/25 v1.7 ifvtex legacy package. Use iftex instead.

(/usr/share/texlive/texmf-dist/tex/generic/iftex/iftex.sty
Package: iftex 2022/02/03 v1.0f TeX engine tests
))
\Gm@cnth=\count309
\Gm@cntv=\count310
\c@Gm@tempcnt=\count311
\Gm@bindingoffset=\dimen288
\Gm@wd@mp=\dimen289
\Gm@odd@mp=\dimen290
\Gm@even@mp=\dimen291
\Gm@layoutwidth=\dimen292
\Gm@layoutheight=\dimen293
\Gm@layouthoffset=\dimen294
\Gm@layoutvoffset=\dimen295
\Gm@dimlist=\toks35
)
(/usr/share/texlive/texmf-dist/tex/latex/hyperref/hyperref.sty
Package: hyperref 2024-01-20 v7.01h Hypertext links for LaTeX

(/usr/share/texlive/texmf-dist/tex/generic/kvdefinekeys/kvdefinekeys.sty
Package: kvdefinekeys 2019-12-19 v1.6 Define keys (HO)
)
(/usr/share/texlive/texmf-dist/tex/generic/pdfescape/pdfescape.sty
Package: pdfescape 2019/12/09 v1.15 Implements pdfTeX's escape features (HO)

(/usr/share/texlive/texmf-dist/tex/generic/pdftexcmds/pdftexcmds.sty
Package: pdftexcmds 2020-06-27 v0.33 Utility functions of pdfTeX for LuaTeX (HO
)

(/usr/share/texlive/texmf-dist/tex/generic/infwarerr/infwarerr.sty
Package: infwarerr 2019/12/03 v1.5 Providing info/warning/error messages (HO)
)
Package pdftexcmds Info: \pdf@primitive is available.
Package pdftexcmds Info: \pdf@ifprimitive is available.
Package pdftexcmds Info: \pdfdraftmode found.
))
(/usr/share/texlive/texmf-dist/tex/latex/hycolor/hycolor.sty
Package: hycolor 2020-01-27 v1.10 Color options for hyperref/bookmark (HO)
)
(/usr/share/texlive/texmf-dist/tex/latex/auxhook/auxhook.sty
Package: auxhook 2019-12-17 v1.6 Hooks for auxiliary files (HO)
)
(/usr/share/texlive/texmf-dist/tex/latex/hyperref/nameref.sty
Package: nameref 2023-11-26 v2.56 Cross-referencing by name of section

(/usr/share/texlive/texmf-dist/tex/latex/refcount/refcount.sty
Package: refcount 2019/12/15 v3.6 Data extraction from label references (HO)
)
(/usr/share/texlive/texmf-dist/tex/generic/gettitlestring/gettitlestring.sty
Package: gettitlestring 2019/12/15 v1.6 Cleanup title references (HO)
)
\c@section@level=\count312
)
\@linkdim=\dimen296
\Hy@linkcounter=\count313
\Hy@pagecounter=\count314

(/usr/share/texlive/texmf-dist/tex/latex/hyperref/pd1enc.def
File: pd1enc.def 2024-01-20 v7.01h Hyperref: PDFDocEncoding definition (HO)
Now handling font encoding PD1 ...
... no UTF-8 mapping file for font encoding PD1
)
(/usr/share/texlive/texmf-dist/tex/generic/intcalc/intcalc.sty
Package: intcalc 2019/12/15 v1.3 Expandable calculations with integers (HO)
)
\Hy@SavedSpaceFactor=\count315

(/usr/share/texlive/texmf-dist/tex/latex/hyperref/puenc.def
File: puenc.def 2024-01-20 v7.01h Hyperref: PDF Unicode definition (HO)
Now handling font encoding PU ...
... no UTF-8 mapping file for font encoding PU
)
Package hyperref Info: Option `unicode' set `true' on input line 4062.
Package hyperref Info: Option `colorlinks' set `true' on input line 4062.
Package hyperref Info: Option `breaklinks' set `true' on input line 4062.
Package hyperref Info: Hyper figures OFF on input line 4179.
Package hyperref Info: Link nesting OFF on input line 4184.
Package hyperref Info: Hyper index ON on input line 4187.
Package hyperref Info: Plain pages OFF on input line 4194.
Package hyperref Info: Backreferencing OFF on input line 4199.
Package hyperref Info: Implicit mode ON; LaTeX internals redefined.
Package hyperref Info: Bookmarks ON on input line 4446.
\c@Hy@tempcnt=\count316

(/usr/share/texlive/texmf-dist/tex/latex/url/url.sty
\Urlmuskip=\muskip17
Package: url 2013/09/16  ver 3.4  Verb mode for urls, etc.
)
LaTeX Info: Redefining \url on input line 4784.
\XeTeXLinkMargin=\dimen297

(/usr/share/texlive/texmf-dist/tex/generic/bitset/bitset.sty
Package: bitset 2019/12/09 v1.3 Handle bit-vector datatype (HO)

(/usr/share/texlive/texmf-dist/tex/generic/bigintcalc/bigintcalc.sty
Package: bigintcalc 2019/12/15 v1.5 Expandable calculations on big integers (HO
)
))
\Fld@menulength=\count317
\Field@Width=\dimen298
\Fld@charsize=\dimen299
Package hyperref Info: Hyper figures OFF on input line 6063.
Package hyperref Info: Link nesting OFF on input line 6068.
Package hyperref Info: Hyper index ON on input line 6071.
Package hyperref Info: backreferencing OFF on input line 6078.
Package hyperref Info: Link coloring ON on input line 6081.
Package hyperref Info: Link coloring with OCG OFF on input line 6088.
Package hyperref Info: PDF/A mode OFF on input line 6093.

(/usr/share/texlive/texmf-dist/tex/latex/base/atbegshi-ltx.sty
Package: atbegshi-ltx 2021/01/10 v1.0c Emulation of the original atbegshi
package with kernel methods
)
\Hy@abspage=\count318
\c@Item=\count319
\c@Hfootnote=\count320
)
Package hyperref Info: Driver (autodetected): hpdftex.

(/usr/share/texlive/texmf-dist/tex/latex/hyperref/hpdftex.def
File: hpdftex.def 2024-01-20 v7.01h Hyperref driver for pdfTeX

(/usr/share/texlive/texmf-dist/tex/latex/base/atveryend-ltx.sty
Package: atveryend-ltx 2020/08/19 v1.0a Emulation of the original atveryend pac
kage
with kernel methods
)
\Fld@listcount=\count321
\c@bookmark@seq@number=\count322

(/usr/share/texlive/texmf-dist/tex/latex/rerunfilecheck/rerunfilecheck.sty
Package: rerunfilecheck 2022-07-10 v1.10 Rerun checks for auxiliary files (HO)

(/usr/share/texlive/texmf-dist/tex/generic/uniquecounter/uniquecounter.sty
Package: uniquecounter 2019/12/15 v1.4 Provide unlimited unique counter (HO)
)
Package uniquecounter Info: New unique counter `rerunfilecheck' on input line 2
85.
)
\Hy@SectionHShift=\skip86
)
(/usr/share/texlive/texmf-dist/tex/latex/oberdiek/hypcap.sty
Package: hypcap 2016/05/16 v1.12 Adjusting the anchors of captions (HO)

(/usr/share/texlive/texmf-dist/tex/latex/letltxmacro/letltxmacro.sty
Package: letltxmacro 2019/12/03 v1.6 Let assignment for LaTeX macros (HO)
))
(./sphinxmessages.sty
Package: sphinxmessages 2019/01/04 v2.0 Localized LaTeX macros (Sphinx team)
)
\@indexfile=\write4
\openout4 = `CBMPy.idx'.


Writing index file CBMPy.idx
LaTeX Font Info:    Trying to load font information for T1+qtm on input line 74
.
(/usr/share/texmf/tex/latex/tex-gyre/t1qtm.fd
File: t1qtm.fd 2009/09/25 v1.2 font definition file for T1/qtm
)
(/usr/share/texlive/texmf-dist/tex/latex/l3backend/l3backend-pdftex.def
File: l3backend-pdftex.def 2024-01-04 L3 backend support: PDF output (pdfTeX)
\l__color_backend_stack_int=\count323
\l__pdf_internal_box=\box120
)
(./CBMPy.aux)
\openout1 = `CBMPy.aux'.

LaTeX Font Info:    Checking defaults for OML/cmm/m/it on input line 74.
LaTeX Font Info:    ... okay on input line 74.
LaTeX Font Info:    Checking defaults for OMS/cmsy/m/n on input line 74.
LaTeX Font Info:    ... okay on input line 74.
LaTeX Font Info:    Checking defaults for OT1/cmr/m/n on input line 74.
LaTeX Font Info:    ... okay on input line 74.
LaTeX Font Info:    Checking defaults for T1/cmr/m/n on input line 74.
LaTeX Font Info:    ... okay on input line 74.
LaTeX Font Info:    Checking defaults for TS1/cmr/m/n on input line 74.
LaTeX Font Info:    ... okay on input line 74.
LaTeX Font Info:    Checking defaults for OMX/cmex/m/n on input line 74.
LaTeX Font Info:    ... okay on input line 74.
LaTeX Font Info:    Checking defaults for U/cmr/m/n on input line 74.
LaTeX Font Info:    ... okay on input line 74.
LaTeX Font Info:    Checking defaults for PD1/pdf/m/n on input line 74.
LaTeX Font Info:    ... okay on input line 74.
LaTeX Font Info:    Checking defaults for PU/pdf/m/n on input line 74.
LaTeX Font Info:    ... okay on input line 74.

(/usr/share/texlive/texmf-dist/tex/context/base/mkii/supp-pdf.mkii
[Loading MPS to PDF converter (version 2006.09.02).]
\scratchcounter=\count324
\scratchdimen=\dimen300
\scratchbox=\box121
\nofMPsegments=\count325
\nofMParguments=\count326
\everyMPshowfont=\toks36
\MPscratchCnt=\count327
\MPscratchDim=\dimen301
\MPnumerator=\count328
\makeMPintoPDFobject=\count329
\everyMPtoPDFconversion=\toks37
) (/usr/share/texlive/texmf-dist/tex/latex/epstopdf-pkg/epstopdf-base.sty
Package: epstopdf-base 2020-01-24 v2.11 Base part for package epstopdf
Package epstopdf-base Info: Redefining graphics rule for `.eps' on input line 4
85.

(/usr/share/texlive/texmf-dist/tex/latex/latexconfig/epstopdf-sys.cfg
File: epstopdf-sys.cfg 2010/07/13 v1.3 Configuration of (r)epstopdf for TeX Liv
e
))
\c@literalblock=\count330

*geometry* driver: auto-detecting
*geometry* detected driver: pdftex
*geometry* verbose mode - [ preamble ] result:
* driver: pdftex
* paper: letterpaper
* layout: <same size as paper>
* layoutoffset:(h,v)=(0.0pt,0.0pt)
* modes: twoside 
* h-part:(L,W,R)=(72.26999pt, 469.75502pt, 72.26999pt)
* v-part:(T,H,B)=(72.26999pt, 650.43001pt, 72.26999pt)
* \paperwidth=614.295pt
* \paperheight=794.96999pt
* \textwidth=469.75502pt
* \textheight=650.43001pt
* \oddsidemargin=0.0pt
* \evensidemargin=0.0pt
* \topmargin=-37.0pt
* \headheight=12.0pt
* \headsep=25.0pt
* \topskip=12.0pt
* \footskip=30.0pt
* \marginparwidth=36.135pt
* \marginparsep=10.0pt
* \columnsep=10.0pt
* \skip\footins=10.8pt plus 4.0pt minus 2.0pt
* \hoffset=0.0pt
* \voffset=0.0pt
* \mag=1000
* \@twocolumnfalse
* \@twosidetrue
* \@mparswitchtrue
* \@reversemarginfalse
* (1in=72.27pt=25.4mm, 1cm=28.453pt)

Package hyperref Info: Link coloring ON on input line 74.
(./CBMPy.out) (./CBMPy.out)
\@outlinefile=\write5
\openout5 = `CBMPy.out'.

Package hyperref Info: Option `pageanchor' set `false' on input line 82.
LaTeX Font Info:    Trying to load font information for T1+qhv on input line 82
.
 (/usr/share/texmf/tex/latex/tex-gyre/t1qhv.fd
File: t1qhv.fd 2009/09/25 v1.2 font definition file for T1/qhv
)<<ot1.cmap>><<oml.cmap>><<oms.cmap>><<omx.cmap>>
LaTeX Font Info:    Trying to load font information for U+msa on input line 82.


(/usr/share/texlive/texmf-dist/tex/latex/amsfonts/umsa.fd
File: umsa.fd 2013/01/14 v3.01 AMS symbols A
)
LaTeX Font Info:    Trying to load font information for U+msb on input line 82.


(/usr/share/texlive/texmf-dist/tex/latex/amsfonts/umsb.fd
File: umsb.fd 2013/01/14 v3.01 AMS symbols B
) [1

{/var/lib/texmf/fonts/map/pdftex/updmap/pdftex.map}{/usr/share/texmf/fonts/enc/
dvips/tex-gyre/q-ec.enc}] [2


] (./CBMPy.toc)
\tf@toc=\write6
\openout6 = `CBMPy.toc'.

 [1

] [2

]

Package fancyhdr Warning: \headheight is too small (12.0pt): 
(fancyhdr)                Make it at least 14.49998pt, for example:
(fancyhdr)                \setlength{\headheight}{14.49998pt}.
(fancyhdr)                You might also make \topmargin smaller to compensate:

(fancyhdr)                \addtolength{\topmargin}{-2.49998pt}.

[1]

Package fancyhdr Warning: \headheight is too small (12.0pt): 
(fancyhdr)                Make it at least 14.49998pt, for example:
(fancyhdr)                \setlength{\headheight}{14.49998pt}.
(fancyhdr)                You might also make \topmargin smaller to compensate:

(fancyhdr)                \addtolength{\topmargin}{-2.49998pt}.

[2

]
Chapter 1.
LaTeX Font Info:    Trying to load font information for T1+txtt on input line 1
00.
(/usr/share/texlive/texmf-dist/tex/latex/txfonts/t1txtt.fd
File: t1txtt.fd 2000/12/15 v3.1
)
LaTeX Font Info:    Font shape `T1/txtt/b/n' in size <12> not available
(Font)              Font shape `T1/txtt/bx/n' tried instead on input line 101.
LaTeX Font Info:    Font shape `T1/txtt/m/it' in size <12> not available
(Font)              Font shape `T1/txtt/m/sl' tried instead on input line 103.
LaTeX Font Info:    Trying to load font information for TS1+txtt on input line 
104.

(/usr/share/texlive/texmf-dist/tex/latex/txfonts/ts1txtt.fd
File: ts1txtt.fd 2000/12/15 v3.1
) [3]

Package fancyhdr Warning: \headheight is too small (12.0pt): 
(fancyhdr)                Make it at least 14.49998pt, for example:
(fancyhdr)                \setlength{\headheight}{14.49998pt}.
(fancyhdr)                You might also make \topmargin smaller to compensate:

(fancyhdr)                \addtolength{\topmargin}{-2.49998pt}.

[4

]
Chapter 2.
LaTeX Font Info:    Trying to load font information for TS1+qtm on input line 1
33.
(/usr/share/texmf/tex/latex/tex-gyre/ts1qtm.fd
File: ts1qtm.fd 2009/09/25 v1.2 font definition file for TS1/qtm
) [5{/usr/share/texmf/fonts/enc/dvips/tex-gyre/q-ts1.enc}]

Package fancyhdr Warning: \headheight is too small (12.0pt): 
(fancyhdr)                Make it at least 14.49998pt, for example:
(fancyhdr)                \setlength{\headheight}{14.49998pt}.
(fancyhdr)                You might also make \topmargin smaller to compensate:

(fancyhdr)                \addtolength{\topmargin}{-2.49998pt}.

[6]

Package fancyhdr Warning: \headheight is too small (12.0pt): 
(fancyhdr)                Make it at least 14.49998pt, for example:
(fancyhdr)                \setlength{\headheight}{14.49998pt}.
(fancyhdr)                You might also make \topmargin smaller to compensate:

(fancyhdr)                \addtolength{\topmargin}{-2.49998pt}.

[7]

Package fancyhdr Warning: \headheight is too small (12.0pt): 
(fancyhdr)                Make it at least 14.49998pt, for example:
(fancyhdr)                \setlength{\headheight}{14.49998pt}.
(fancyhdr)                You might also make \topmargin smaller to compensate:

(fancyhdr)                \addtolength{\topmargin}{-2.49998pt}.

[8]

Package fancyhdr Warning: \headheight is too small (12.0pt): 
(fancyhdr)                Make it at least 14.49998pt, for example:
(fancyhdr)                \setlength{\headheight}{14.49998pt}.
(fancyhdr)                You might also make \topmargin smaller to compensate:

(fancyhdr)                \addtolength{\topmargin}{-2.49998pt}.

[9]

Package fancyhdr Warning: \headheight is too small (12.0pt): 
(fancyhdr)                Make it at least 14.49998pt, for example:
(fancyhdr)                \setlength{\headheight}{14.49998pt}.
(fancyhdr)                You might also make \topmargin smaller to compensate:

(fancyhdr)                \addtolength{\topmargin}{-2.49998pt}.

[10]

Package fancyhdr Warning: \headheight is too small (12.0pt): 
(fancyhdr)                Make it at least 14.49998pt, for example:
(fancyhdr)                \setlength{\headheight}{14.49998pt}.
(fancyhdr)                You might also make \topmargin smaller to compensate:

(fancyhdr)                \addtolength{\topmargin}{-2.49998pt}.

[11]

Package fancyhdr Warning: \headheight is too small (12.0pt): 
(fancyhdr)                Make it at least 14.49998pt, for example:
(fancyhdr)                \setlength{\headheight}{14.49998pt}.
(fancyhdr)                You might also make \topmargin smaller to compensate:

(fancyhdr)                \addtolength{\topmargin}{-2.49998pt}.

[12]

Package fancyhdr Warning: \headheight is too small (12.0pt): 
(fancyhdr)                Make it at least 14.49998pt, for example:
(fancyhdr)                \setlength{\headheight}{14.49998pt}.
(fancyhdr)                You might also make \topmargin smaller to compensate:

(fancyhdr)                \addtolength{\topmargin}{-2.49998pt}.

[13]

Package fancyhdr Warning: \headheight is too small (12.0pt): 
(fancyhdr)                Make it at least 14.49998pt, for example:
(fancyhdr)                \setlength{\headheight}{14.49998pt}.
(fancyhdr)                You might also make \topmargin smaller to compensate:

(fancyhdr)                \addtolength{\topmargin}{-2.49998pt}.

[14]

Package fancyhdr Warning: \headheight is too small (12.0pt): 
(fancyhdr)                Make it at least 14.49998pt, for example:
(fancyhdr)                \setlength{\headheight}{14.49998pt}.
(fancyhdr)                You might also make \topmargin smaller to compensate:

(fancyhdr)                \addtolength{\topmargin}{-2.49998pt}.

[15]

Package fancyhdr Warning: \headheight is too small (12.0pt): 
(fancyhdr)                Make it at least 14.49998pt, for example:
(fancyhdr)                \setlength{\headheight}{14.49998pt}.
(fancyhdr)                You might also make \topmargin smaller to compensate:

(fancyhdr)                \addtolength{\topmargin}{-2.49998pt}.

[16]

Package fancyhdr Warning: \headheight is too small (12.0pt): 
(fancyhdr)                Make it at least 14.49998pt, for example:
(fancyhdr)                \setlength{\headheight}{14.49998pt}.
(fancyhdr)                You might also make \topmargin smaller to compensate:

(fancyhdr)                \addtolength{\topmargin}{-2.49998pt}.

[17]
LaTeX Font Info:    Font shape `TS1/txtt/b/n' in size <12> not available
(Font)              Font shape `TS1/txtt/bx/n' tried instead on input line 1.


Package fancyhdr Warning: \headheight is too small (12.0pt): 
(fancyhdr)                Make it at least 14.49998pt, for example:
(fancyhdr)                \setlength{\headheight}{14.49998pt}.
(fancyhdr)                You might also make \topmargin smaller to compensate:

(fancyhdr)                \addtolength{\topmargin}{-2.49998pt}.

[18]

Package fancyhdr Warning: \headheight is too small (12.0pt): 
(fancyhdr)                Make it at least 14.49998pt, for example:
(fancyhdr)                \setlength{\headheight}{14.49998pt}.
(fancyhdr)                You might also make \topmargin smaller to compensate:

(fancyhdr)                \addtolength{\topmargin}{-2.49998pt}.

[19]

Package fancyhdr Warning: \headheight is too small (12.0pt): 
(fancyhdr)                Make it at least 14.49998pt, for example:
(fancyhdr)                \setlength{\headheight}{14.49998pt}.
(fancyhdr)                You might also make \topmargin smaller to compensate:

(fancyhdr)                \addtolength{\topmargin}{-2.49998pt}.

[20]

Package fancyhdr Warning: \headheight is too small (12.0pt): 
(fancyhdr)                Make it at least 14.49998pt, for example:
(fancyhdr)                \setlength{\headheight}{14.49998pt}.
(fancyhdr)                You might also make \topmargin smaller to compensate:

(fancyhdr)                \addtolength{\topmargin}{-2.49998pt}.

[21]

Package fancyhdr Warning: \headheight is too small (12.0pt): 
(fancyhdr)                Make it at least 14.49998pt, for example:
(fancyhdr)                \setlength{\headheight}{14.49998pt}.
(fancyhdr)                You might also make \topmargin smaller to compensate:

(fancyhdr)                \addtolength{\topmargin}{-2.49998pt}.

[22]

Package fancyhdr Warning: \headheight is too small (12.0pt): 
(fancyhdr)                Make it at least 14.49998pt, for example:
(fancyhdr)                \setlength{\headheight}{14.49998pt}.
(fancyhdr)                You might also make \topmargin smaller to compensate:

(fancyhdr)                \addtolength{\topmargin}{-2.49998pt}.

[23]

Package fancyhdr Warning: \headheight is too small (12.0pt): 
(fancyhdr)                Make it at least 14.49998pt, for example:
(fancyhdr)                \setlength{\headheight}{14.49998pt}.
(fancyhdr)                You might also make \topmargin smaller to compensate:

(fancyhdr)                \addtolength{\topmargin}{-2.49998pt}.

[24]

Package fancyhdr Warning: \headheight is too small (12.0pt): 
(fancyhdr)                Make it at least 14.49998pt, for example:
(fancyhdr)                \setlength{\headheight}{14.49998pt}.
(fancyhdr)                You might also make \topmargin smaller to compensate:

(fancyhdr)                \addtolength{\topmargin}{-2.49998pt}.

[25]

Package fancyhdr Warning: \headheight is too small (12.0pt): 
(fancyhdr)                Make it at least 14.49998pt, for example:
(fancyhdr)                \setlength{\headheight}{14.49998pt}.
(fancyhdr)                You might also make \topmargin smaller to compensate:

(fancyhdr)                \addtolength{\topmargin}{-2.49998pt}.

[26]

Package fancyhdr Warning: \headheight is too small (12.0pt): 
(fancyhdr)                Make it at least 14.49998pt, for example:
(fancyhdr)                \setlength{\headheight}{14.49998pt}.
(fancyhdr)                You might also make \topmargin smaller to compensate:

(fancyhdr)                \addtolength{\topmargin}{-2.49998pt}.

[27]

Package fancyhdr Warning: \headheight is too small (12.0pt): 
(fancyhdr)                Make it at least 14.49998pt, for example:
(fancyhdr)                \setlength{\headheight}{14.49998pt}.
(fancyhdr)                You might also make \topmargin smaller to compensate:

(fancyhdr)                \addtolength{\topmargin}{-2.49998pt}.

[28]

Package fancyhdr Warning: \headheight is too small (12.0pt): 
(fancyhdr)                Make it at least 14.49998pt, for example:
(fancyhdr)                \setlength{\headheight}{14.49998pt}.
(fancyhdr)                You might also make \topmargin smaller to compensate:

(fancyhdr)                \addtolength{\topmargin}{-2.49998pt}.

[29]

Package fancyhdr Warning: \headheight is too small (12.0pt): 
(fancyhdr)                Make it at least 14.49998pt, for example:
(fancyhdr)                \setlength{\headheight}{14.49998pt}.
(fancyhdr)                You might also make \topmargin smaller to compensate:

(fancyhdr)                \addtolength{\topmargin}{-2.49998pt}.

[30]

Package fancyhdr Warning: \headheight is too small (12.0pt): 
(fancyhdr)                Make it at least 14.49998pt, for example:
(fancyhdr)                \setlength{\headheight}{14.49998pt}.
(fancyhdr)                You might also make \topmargin smaller to compensate:

(fancyhdr)                \addtolength{\topmargin}{-2.49998pt}.

[31]
Underfull \hbox (badness 10000) in paragraph at lines 4571--4575
\T1/qtm/m/n/12 Re-sets all re-ac-tion bounds mod-i-fied by the \T1/txtt/m/n/12 
cmod.
 []


Package fancyhdr Warning: \headheight is too small (12.0pt): 
(fancyhdr)                Make it at least 14.49998pt, for example:
(fancyhdr)                \setlength{\headheight}{14.49998pt}.
(fancyhdr)                You might also make \topmargin smaller to compensate:

(fancyhdr)                \addtolength{\topmargin}{-2.49998pt}.

[32]

Package fancyhdr Warning: \headheight is too small (12.0pt): 
(fancyhdr)                Make it at least 14.49998pt, for example:
(fancyhdr)                \setlength{\headheight}{14.49998pt}.
(fancyhdr)                You might also make \topmargin smaller to compensate:

(fancyhdr)                \addtolength{\topmargin}{-2.49998pt}.

[33]

Package fancyhdr Warning: \headheight is too small (12.0pt): 
(fancyhdr)                Make it at least 14.49998pt, for example:
(fancyhdr)                \setlength{\headheight}{14.49998pt}.
(fancyhdr)                You might also make \topmargin smaller to compensate:

(fancyhdr)                \addtolength{\topmargin}{-2.49998pt}.

[34]

Package fancyhdr Warning: \headheight is too small (12.0pt): 
(fancyhdr)                Make it at least 14.49998pt, for example:
(fancyhdr)                \setlength{\headheight}{14.49998pt}.
(fancyhdr)                You might also make \topmargin smaller to compensate:

(fancyhdr)                \addtolength{\topmargin}{-2.49998pt}.

[35]

Package fancyhdr Warning: \headheight is too small (12.0pt): 
(fancyhdr)                Make it at least 14.49998pt, for example:
(fancyhdr)                \setlength{\headheight}{14.49998pt}.
(fancyhdr)                You might also make \topmargin smaller to compensate:

(fancyhdr)                \addtolength{\topmargin}{-2.49998pt}.

[36]

Package fancyhdr Warning: \headheight is too small (12.0pt): 
(fancyhdr)                Make it at least 14.49998pt, for example:
(fancyhdr)                \setlength{\headheight}{14.49998pt}.
(fancyhdr)                You might also make \topmargin smaller to compensate:

(fancyhdr)                \addtolength{\topmargin}{-2.49998pt}.

[37]

Package fancyhdr Warning: \headheight is too small (12.0pt): 
(fancyhdr)                Make it at least 14.49998pt, for example:
(fancyhdr)                \setlength{\headheight}{14.49998pt}.
(fancyhdr)                You might also make \topmargin smaller to compensate:

(fancyhdr)                \addtolength{\topmargin}{-2.49998pt}.

[38]

Package fancyhdr Warning: \headheight is too small (12.0pt): 
(fancyhdr)                Make it at least 14.49998pt, for example:
(fancyhdr)                \setlength{\headheight}{14.49998pt}.
(fancyhdr)                You might also make \topmargin smaller to compensate:

(fancyhdr)                \addtolength{\topmargin}{-2.49998pt}.

[39]

Package fancyhdr Warning: \headheight is too small (12.0pt): 
(fancyhdr)                Make it at least 14.49998pt, for example:
(fancyhdr)                \setlength{\headheight}{14.49998pt}.
(fancyhdr)                You might also make \topmargin smaller to compensate:

(fancyhdr)                \addtolength{\topmargin}{-2.49998pt}.

[40]
Underfull \hbox (badness 10000) in paragraph at lines 6067--6069
[]\T1/txtt/bx/n/12 sympy \T1/qtm/m/n/12 ^^U a SymPy sym-bolic ma-trix, if avail
-able
 []


Underfull \hbox (badness 10000) in paragraph at lines 6067--6069
\T1/qtm/m/n/12 note the de-nom-i-na-tor limit can be set in \T1/txtt/m/n/12 CBM
odel.
 []


Package fancyhdr Warning: \headheight is too small (12.0pt): 
(fancyhdr)                Make it at least 14.49998pt, for example:
(fancyhdr)                \setlength{\headheight}{14.49998pt}.
(fancyhdr)                You might also make \topmargin smaller to compensate:

(fancyhdr)                \addtolength{\topmargin}{-2.49998pt}.

[41]

Package fancyhdr Warning: \headheight is too small (12.0pt): 
(fancyhdr)                Make it at least 14.49998pt, for example:
(fancyhdr)                \setlength{\headheight}{14.49998pt}.
(fancyhdr)                You might also make \topmargin smaller to compensate:

(fancyhdr)                \addtolength{\topmargin}{-2.49998pt}.

[42]

Package fancyhdr Warning: \headheight is too small (12.0pt): 
(fancyhdr)                Make it at least 14.49998pt, for example:
(fancyhdr)                \setlength{\headheight}{14.49998pt}.
(fancyhdr)                You might also make \topmargin smaller to compensate:

(fancyhdr)                \addtolength{\topmargin}{-2.49998pt}.

[43]

Package fancyhdr Warning: \headheight is too small (12.0pt): 
(fancyhdr)                Make it at least 14.49998pt, for example:
(fancyhdr)                \setlength{\headheight}{14.49998pt}.
(fancyhdr)                You might also make \topmargin smaller to compensate:

(fancyhdr)                \addtolength{\topmargin}{-2.49998pt}.

[44]

Package fancyhdr Warning: \headheight is too small (12.0pt): 
(fancyhdr)                Make it at least 14.49998pt, for example:
(fancyhdr)                \setlength{\headheight}{14.49998pt}.
(fancyhdr)                You might also make \topmargin smaller to compensate:

(fancyhdr)                \addtolength{\topmargin}{-2.49998pt}.

[45]

Package fancyhdr Warning: \headheight is too small (12.0pt): 
(fancyhdr)                Make it at least 14.49998pt, for example:
(fancyhdr)                \setlength{\headheight}{14.49998pt}.
(fancyhdr)                You might also make \topmargin smaller to compensate:

(fancyhdr)                \addtolength{\topmargin}{-2.49998pt}.

[46]

Package fancyhdr Warning: \headheight is too small (12.0pt): 
(fancyhdr)                Make it at least 14.49998pt, for example:
(fancyhdr)                \setlength{\headheight}{14.49998pt}.
(fancyhdr)                You might also make \topmargin smaller to compensate:

(fancyhdr)                \addtolength{\topmargin}{-2.49998pt}.

[47]

Package fancyhdr Warning: \headheight is too small (12.0pt): 
(fancyhdr)                Make it at least 14.49998pt, for example:
(fancyhdr)                \setlength{\headheight}{14.49998pt}.
(fancyhdr)                You might also make \topmargin smaller to compensate:

(fancyhdr)                \addtolength{\topmargin}{-2.49998pt}.

[48]

Package fancyhdr Warning: \headheight is too small (12.0pt): 
(fancyhdr)                Make it at least 14.49998pt, for example:
(fancyhdr)                \setlength{\headheight}{14.49998pt}.
(fancyhdr)                You might also make \topmargin smaller to compensate:

(fancyhdr)                \addtolength{\topmargin}{-2.49998pt}.

[49]

Package fancyhdr Warning: \headheight is too small (12.0pt): 
(fancyhdr)                Make it at least 14.49998pt, for example:
(fancyhdr)                \setlength{\headheight}{14.49998pt}.
(fancyhdr)                You might also make \topmargin smaller to compensate:

(fancyhdr)                \addtolength{\topmargin}{-2.49998pt}.

[50]

Package fancyhdr Warning: \headheight is too small (12.0pt): 
(fancyhdr)                Make it at least 14.49998pt, for example:
(fancyhdr)                \setlength{\headheight}{14.49998pt}.
(fancyhdr)                You might also make \topmargin smaller to compensate:

(fancyhdr)                \addtolength{\topmargin}{-2.49998pt}.

[51]

Package fancyhdr Warning: \headheight is too small (12.0pt): 
(fancyhdr)                Make it at least 14.49998pt, for example:
(fancyhdr)                \setlength{\headheight}{14.49998pt}.
(fancyhdr)                You might also make \topmargin smaller to compensate:

(fancyhdr)                \addtolength{\topmargin}{-2.49998pt}.

[52]

Package fancyhdr Warning: \headheight is too small (12.0pt): 
(fancyhdr)                Make it at least 14.49998pt, for example:
(fancyhdr)                \setlength{\headheight}{14.49998pt}.
(fancyhdr)                You might also make \topmargin smaller to compensate:

(fancyhdr)                \addtolength{\topmargin}{-2.49998pt}.

[53]

Package fancyhdr Warning: \headheight is too small (12.0pt): 
(fancyhdr)                Make it at least 14.49998pt, for example:
(fancyhdr)                \setlength{\headheight}{14.49998pt}.
(fancyhdr)                You might also make \topmargin smaller to compensate:

(fancyhdr)                \addtolength{\topmargin}{-2.49998pt}.

[54]

Package fancyhdr Warning: \headheight is too small (12.0pt): 
(fancyhdr)                Make it at least 14.49998pt, for example:
(fancyhdr)                \setlength{\headheight}{14.49998pt}.
(fancyhdr)                You might also make \topmargin smaller to compensate:

(fancyhdr)                \addtolength{\topmargin}{-2.49998pt}.

[55]

Package fancyhdr Warning: \headheight is too small (12.0pt): 
(fancyhdr)                Make it at least 14.49998pt, for example:
(fancyhdr)                \setlength{\headheight}{14.49998pt}.
(fancyhdr)                You might also make \topmargin smaller to compensate:

(fancyhdr)                \addtolength{\topmargin}{-2.49998pt}.

[56]

Package fancyhdr Warning: \headheight is too small (12.0pt): 
(fancyhdr)                Make it at least 14.49998pt, for example:
(fancyhdr)                \setlength{\headheight}{14.49998pt}.
(fancyhdr)                You might also make \topmargin smaller to compensate:

(fancyhdr)                \addtolength{\topmargin}{-2.49998pt}.

[57]

Package fancyhdr Warning: \headheight is too small (12.0pt): 
(fancyhdr)                Make it at least 14.49998pt, for example:
(fancyhdr)                \setlength{\headheight}{14.49998pt}.
(fancyhdr)                You might also make \topmargin smaller to compensate:

(fancyhdr)                \addtolength{\topmargin}{-2.49998pt}.

[58]

Package fancyhdr Warning: \headheight is too small (12.0pt): 
(fancyhdr)                Make it at least 14.49998pt, for example:
(fancyhdr)                \setlength{\headheight}{14.49998pt}.
(fancyhdr)                You might also make \topmargin smaller to compensate:

(fancyhdr)                \addtolength{\topmargin}{-2.49998pt}.

[59]

Package fancyhdr Warning: \headheight is too small (12.0pt): 
(fancyhdr)                Make it at least 14.49998pt, for example:
(fancyhdr)                \setlength{\headheight}{14.49998pt}.
(fancyhdr)                You might also make \topmargin smaller to compensate:

(fancyhdr)                \addtolength{\topmargin}{-2.49998pt}.

[60]

Package fancyhdr Warning: \headheight is too small (12.0pt): 
(fancyhdr)                Make it at least 14.49998pt, for example:
(fancyhdr)                \setlength{\headheight}{14.49998pt}.
(fancyhdr)                You might also make \topmargin smaller to compensate:

(fancyhdr)                \addtolength{\topmargin}{-2.49998pt}.

[61]

Package fancyhdr Warning: \headheight is too small (12.0pt): 
(fancyhdr)                Make it at least 14.49998pt, for example:
(fancyhdr)                \setlength{\headheight}{14.49998pt}.
(fancyhdr)                You might also make \topmargin smaller to compensate:

(fancyhdr)                \addtolength{\topmargin}{-2.49998pt}.

[62]

Package fancyhdr Warning: \headheight is too small (12.0pt): 
(fancyhdr)                Make it at least 14.49998pt, for example:
(fancyhdr)                \setlength{\headheight}{14.49998pt}.
(fancyhdr)                You might also make \topmargin smaller to compensate:

(fancyhdr)                \addtolength{\topmargin}{-2.49998pt}.

[63]

Package fancyhdr Warning: \headheight is too small (12.0pt): 
(fancyhdr)                Make it at least 14.49998pt, for example:
(fancyhdr)                \setlength{\headheight}{14.49998pt}.
(fancyhdr)                You might also make \topmargin smaller to compensate:

(fancyhdr)                \addtolength{\topmargin}{-2.49998pt}.

[64]

Package fancyhdr Warning: \headheight is too small (12.0pt): 
(fancyhdr)                Make it at least 14.49998pt, for example:
(fancyhdr)                \setlength{\headheight}{14.49998pt}.
(fancyhdr)                You might also make \topmargin smaller to compensate:

(fancyhdr)                \addtolength{\topmargin}{-2.49998pt}.

[65]

Package fancyhdr Warning: \headheight is too small (12.0pt): 
(fancyhdr)                Make it at least 14.49998pt, for example:
(fancyhdr)                \setlength{\headheight}{14.49998pt}.
(fancyhdr)                You might also make \topmargin smaller to compensate:

(fancyhdr)                \addtolength{\topmargin}{-2.49998pt}.

[66]

Package fancyhdr Warning: \headheight is too small (12.0pt): 
(fancyhdr)                Make it at least 14.49998pt, for example:
(fancyhdr)                \setlength{\headheight}{14.49998pt}.
(fancyhdr)                You might also make \topmargin smaller to compensate:

(fancyhdr)                \addtolength{\topmargin}{-2.49998pt}.

[67]
Underfull \hbox (badness 10000) in paragraph at lines 11187--11189
[]\T1/txtt/bx/n/12 return_sbml_model \T1/qtm/m/n/12 ^^U [de-fault=False] re-tur
n a a (cbm_mod,
 []


Package fancyhdr Warning: \headheight is too small (12.0pt): 
(fancyhdr)                Make it at least 14.49998pt, for example:
(fancyhdr)                \setlength{\headheight}{14.49998pt}.
(fancyhdr)                You might also make \topmargin smaller to compensate:

(fancyhdr)                \addtolength{\topmargin}{-2.49998pt}.

[68]
Underfull \hbox (badness 10000) in paragraph at lines 11299--11301
[]\T1/txtt/bx/n/12 hdf5file \T1/qtm/m/n/12 ^^U [de-fault=None] if None then gen
eric file-name
 []


Package fancyhdr Warning: \headheight is too small (12.0pt): 
(fancyhdr)                Make it at least 14.49998pt, for example:
(fancyhdr)                \setlength{\headheight}{14.49998pt}.
(fancyhdr)                You might also make \topmargin smaller to compensate:

(fancyhdr)                \addtolength{\topmargin}{-2.49998pt}.

[69]

Package fancyhdr Warning: \headheight is too small (12.0pt): 
(fancyhdr)                Make it at least 14.49998pt, for example:
(fancyhdr)                \setlength{\headheight}{14.49998pt}.
(fancyhdr)                You might also make \topmargin smaller to compensate:

(fancyhdr)                \addtolength{\topmargin}{-2.49998pt}.

[70]

Package fancyhdr Warning: \headheight is too small (12.0pt): 
(fancyhdr)                Make it at least 14.49998pt, for example:
(fancyhdr)                \setlength{\headheight}{14.49998pt}.
(fancyhdr)                You might also make \topmargin smaller to compensate:

(fancyhdr)                \addtolength{\topmargin}{-2.49998pt}.

[71]

Package fancyhdr Warning: \headheight is too small (12.0pt): 
(fancyhdr)                Make it at least 14.49998pt, for example:
(fancyhdr)                \setlength{\headheight}{14.49998pt}.
(fancyhdr)                You might also make \topmargin smaller to compensate:

(fancyhdr)                \addtolength{\topmargin}{-2.49998pt}.

[72]

Package fancyhdr Warning: \headheight is too small (12.0pt): 
(fancyhdr)                Make it at least 14.49998pt, for example:
(fancyhdr)                \setlength{\headheight}{14.49998pt}.
(fancyhdr)                You might also make \topmargin smaller to compensate:

(fancyhdr)                \addtolength{\topmargin}{-2.49998pt}.

[73]

Package fancyhdr Warning: \headheight is too small (12.0pt): 
(fancyhdr)                Make it at least 14.49998pt, for example:
(fancyhdr)                \setlength{\headheight}{14.49998pt}.
(fancyhdr)                You might also make \topmargin smaller to compensate:

(fancyhdr)                \addtolength{\topmargin}{-2.49998pt}.

[74]

Package fancyhdr Warning: \headheight is too small (12.0pt): 
(fancyhdr)                Make it at least 14.49998pt, for example:
(fancyhdr)                \setlength{\headheight}{14.49998pt}.
(fancyhdr)                You might also make \topmargin smaller to compensate:

(fancyhdr)                \addtolength{\topmargin}{-2.49998pt}.

[75]

Package fancyhdr Warning: \headheight is too small (12.0pt): 
(fancyhdr)                Make it at least 14.49998pt, for example:
(fancyhdr)                \setlength{\headheight}{14.49998pt}.
(fancyhdr)                You might also make \topmargin smaller to compensate:

(fancyhdr)                \addtolength{\topmargin}{-2.49998pt}.

[76]
Underfull \hbox (badness 10000) in paragraph at lines 12308--12310
[]\T1/txtt/bx/n/12 type \T1/qtm/m/n/12 ^^U [de-fault='all'] only out-put cer-ta
in type of species:
 []


Package fancyhdr Warning: \headheight is too small (12.0pt): 
(fancyhdr)                Make it at least 14.49998pt, for example:
(fancyhdr)                \setlength{\headheight}{14.49998pt}.
(fancyhdr)                You might also make \topmargin smaller to compensate:

(fancyhdr)                \addtolength{\topmargin}{-2.49998pt}.

[77]
Underfull \hbox (badness 5345) in paragraph at lines 12388--12390
[]\T1/txtt/bx/n/12 met_type \T1/qtm/m/n/12 ^^U [de-fault='all'] only out-put ce
r-tain type of species:
 []


Package fancyhdr Warning: \headheight is too small (12.0pt): 
(fancyhdr)                Make it at least 14.49998pt, for example:
(fancyhdr)                \setlength{\headheight}{14.49998pt}.
(fancyhdr)                You might also make \topmargin smaller to compensate:

(fancyhdr)                \addtolength{\topmargin}{-2.49998pt}.

[78]

Package fancyhdr Warning: \headheight is too small (12.0pt): 
(fancyhdr)                Make it at least 14.49998pt, for example:
(fancyhdr)                \setlength{\headheight}{14.49998pt}.
(fancyhdr)                You might also make \topmargin smaller to compensate:

(fancyhdr)                \addtolength{\topmargin}{-2.49998pt}.

[79]

Package fancyhdr Warning: \headheight is too small (12.0pt): 
(fancyhdr)                Make it at least 14.49998pt, for example:
(fancyhdr)                \setlength{\headheight}{14.49998pt}.
(fancyhdr)                You might also make \topmargin smaller to compensate:

(fancyhdr)                \addtolength{\topmargin}{-2.49998pt}.

[80]

Package fancyhdr Warning: \headheight is too small (12.0pt): 
(fancyhdr)                Make it at least 14.49998pt, for example:
(fancyhdr)                \setlength{\headheight}{14.49998pt}.
(fancyhdr)                You might also make \topmargin smaller to compensate:

(fancyhdr)                \addtolength{\topmargin}{-2.49998pt}.

[81]

Package fancyhdr Warning: \headheight is too small (12.0pt): 
(fancyhdr)                Make it at least 14.49998pt, for example:
(fancyhdr)                \setlength{\headheight}{14.49998pt}.
(fancyhdr)                You might also make \topmargin smaller to compensate:

(fancyhdr)                \addtolength{\topmargin}{-2.49998pt}.

[82]

Package fancyhdr Warning: \headheight is too small (12.0pt): 
(fancyhdr)                Make it at least 14.49998pt, for example:
(fancyhdr)                \setlength{\headheight}{14.49998pt}.
(fancyhdr)                You might also make \topmargin smaller to compensate:

(fancyhdr)                \addtolength{\topmargin}{-2.49998pt}.

[83]

Package fancyhdr Warning: \headheight is too small (12.0pt): 
(fancyhdr)                Make it at least 14.49998pt, for example:
(fancyhdr)                \setlength{\headheight}{14.49998pt}.
(fancyhdr)                You might also make \topmargin smaller to compensate:

(fancyhdr)                \addtolength{\topmargin}{-2.49998pt}.

[84]

Package fancyhdr Warning: \headheight is too small (12.0pt): 
(fancyhdr)                Make it at least 14.49998pt, for example:
(fancyhdr)                \setlength{\headheight}{14.49998pt}.
(fancyhdr)                You might also make \topmargin smaller to compensate:

(fancyhdr)                \addtolength{\topmargin}{-2.49998pt}.

[85]

Package fancyhdr Warning: \headheight is too small (12.0pt): 
(fancyhdr)                Make it at least 14.49998pt, for example:
(fancyhdr)                \setlength{\headheight}{14.49998pt}.
(fancyhdr)                You might also make \topmargin smaller to compensate:

(fancyhdr)                \addtolength{\topmargin}{-2.49998pt}.

[86]

Package fancyhdr Warning: \headheight is too small (12.0pt): 
(fancyhdr)                Make it at least 14.49998pt, for example:
(fancyhdr)                \setlength{\headheight}{14.49998pt}.
(fancyhdr)                You might also make \topmargin smaller to compensate:

(fancyhdr)                \addtolength{\topmargin}{-2.49998pt}.

[87]

Package fancyhdr Warning: \headheight is too small (12.0pt): 
(fancyhdr)                Make it at least 14.49998pt, for example:
(fancyhdr)                \setlength{\headheight}{14.49998pt}.
(fancyhdr)                You might also make \topmargin smaller to compensate:

(fancyhdr)                \addtolength{\topmargin}{-2.49998pt}.

[88]

Package fancyhdr Warning: \headheight is too small (12.0pt): 
(fancyhdr)                Make it at least 14.49998pt, for example:
(fancyhdr)                \setlength{\headheight}{14.49998pt}.
(fancyhdr)                You might also make \topmargin smaller to compensate:

(fancyhdr)                \addtolength{\topmargin}{-2.49998pt}.

[89]

Package fancyhdr Warning: \headheight is too small (12.0pt): 
(fancyhdr)                Make it at least 14.49998pt, for example:
(fancyhdr)                \setlength{\headheight}{14.49998pt}.
(fancyhdr)                You might also make \topmargin smaller to compensate:

(fancyhdr)                \addtolength{\topmargin}{-2.49998pt}.

[90]

Package fancyhdr Warning: \headheight is too small (12.0pt): 
(fancyhdr)                Make it at least 14.49998pt, for example:
(fancyhdr)                \setlength{\headheight}{14.49998pt}.
(fancyhdr)                You might also make \topmargin smaller to compensate:

(fancyhdr)                \addtolength{\topmargin}{-2.49998pt}.

[91]

Package fancyhdr Warning: \headheight is too small (12.0pt): 
(fancyhdr)                Make it at least 14.49998pt, for example:
(fancyhdr)                \setlength{\headheight}{14.49998pt}.
(fancyhdr)                You might also make \topmargin smaller to compensate:

(fancyhdr)                \addtolength{\topmargin}{-2.49998pt}.

[92]

Package fancyhdr Warning: \headheight is too small (12.0pt): 
(fancyhdr)                Make it at least 14.49998pt, for example:
(fancyhdr)                \setlength{\headheight}{14.49998pt}.
(fancyhdr)                You might also make \topmargin smaller to compensate:

(fancyhdr)                \addtolength{\topmargin}{-2.49998pt}.

[93]

Package fancyhdr Warning: \headheight is too small (12.0pt): 
(fancyhdr)                Make it at least 14.49998pt, for example:
(fancyhdr)                \setlength{\headheight}{14.49998pt}.
(fancyhdr)                You might also make \topmargin smaller to compensate:

(fancyhdr)                \addtolength{\topmargin}{-2.49998pt}.

[94]

Package fancyhdr Warning: \headheight is too small (12.0pt): 
(fancyhdr)                Make it at least 14.49998pt, for example:
(fancyhdr)                \setlength{\headheight}{14.49998pt}.
(fancyhdr)                You might also make \topmargin smaller to compensate:

(fancyhdr)                \addtolength{\topmargin}{-2.49998pt}.

[95]

Package fancyhdr Warning: \headheight is too small (12.0pt): 
(fancyhdr)                Make it at least 14.49998pt, for example:
(fancyhdr)                \setlength{\headheight}{14.49998pt}.
(fancyhdr)                You might also make \topmargin smaller to compensate:

(fancyhdr)                \addtolength{\topmargin}{-2.49998pt}.

[96]

Package fancyhdr Warning: \headheight is too small (12.0pt): 
(fancyhdr)                Make it at least 14.49998pt, for example:
(fancyhdr)                \setlength{\headheight}{14.49998pt}.
(fancyhdr)                You might also make \topmargin smaller to compensate:

(fancyhdr)                \addtolength{\topmargin}{-2.49998pt}.

[97]

Package fancyhdr Warning: \headheight is too small (12.0pt): 
(fancyhdr)                Make it at least 14.49998pt, for example:
(fancyhdr)                \setlength{\headheight}{14.49998pt}.
(fancyhdr)                You might also make \topmargin smaller to compensate:

(fancyhdr)                \addtolength{\topmargin}{-2.49998pt}.

[98]

Package fancyhdr Warning: \headheight is too small (12.0pt): 
(fancyhdr)                Make it at least 14.49998pt, for example:
(fancyhdr)                \setlength{\headheight}{14.49998pt}.
(fancyhdr)                You might also make \topmargin smaller to compensate:

(fancyhdr)                \addtolength{\topmargin}{-2.49998pt}.

[99]

Package fancyhdr Warning: \headheight is too small (12.0pt): 
(fancyhdr)                Make it at least 14.49998pt, for example:
(fancyhdr)                \setlength{\headheight}{14.49998pt}.
(fancyhdr)                You might also make \topmargin smaller to compensate:

(fancyhdr)                \addtolength{\topmargin}{-2.49998pt}.

[100]

Package fancyhdr Warning: \headheight is too small (12.0pt): 
(fancyhdr)                Make it at least 14.49998pt, for example:
(fancyhdr)                \setlength{\headheight}{14.49998pt}.
(fancyhdr)                You might also make \topmargin smaller to compensate:

(fancyhdr)                \addtolength{\topmargin}{-2.49998pt}.

[101]

Package fancyhdr Warning: \headheight is too small (12.0pt): 
(fancyhdr)                Make it at least 14.49998pt, for example:
(fancyhdr)                \setlength{\headheight}{14.49998pt}.
(fancyhdr)                You might also make \topmargin smaller to compensate:

(fancyhdr)                \addtolength{\topmargin}{-2.49998pt}.

[102]

Package fancyhdr Warning: \headheight is too small (12.0pt): 
(fancyhdr)                Make it at least 14.49998pt, for example:
(fancyhdr)                \setlength{\headheight}{14.49998pt}.
(fancyhdr)                You might also make \topmargin smaller to compensate:

(fancyhdr)                \addtolength{\topmargin}{-2.49998pt}.

[103]

Package fancyhdr Warning: \headheight is too small (12.0pt): 
(fancyhdr)                Make it at least 14.49998pt, for example:
(fancyhdr)                \setlength{\headheight}{14.49998pt}.
(fancyhdr)                You might also make \topmargin smaller to compensate:

(fancyhdr)                \addtolength{\topmargin}{-2.49998pt}.

[104]

Package fancyhdr Warning: \headheight is too small (12.0pt): 
(fancyhdr)                Make it at least 14.49998pt, for example:
(fancyhdr)                \setlength{\headheight}{14.49998pt}.
(fancyhdr)                You might also make \topmargin smaller to compensate:

(fancyhdr)                \addtolength{\topmargin}{-2.49998pt}.

[105]

Package fancyhdr Warning: \headheight is too small (12.0pt): 
(fancyhdr)                Make it at least 14.49998pt, for example:
(fancyhdr)                \setlength{\headheight}{14.49998pt}.
(fancyhdr)                You might also make \topmargin smaller to compensate:

(fancyhdr)                \addtolength{\topmargin}{-2.49998pt}.

[106]

Package fancyhdr Warning: \headheight is too small (12.0pt): 
(fancyhdr)                Make it at least 14.49998pt, for example:
(fancyhdr)                \setlength{\headheight}{14.49998pt}.
(fancyhdr)                You might also make \topmargin smaller to compensate:

(fancyhdr)                \addtolength{\topmargin}{-2.49998pt}.

[107]

Package fancyhdr Warning: \headheight is too small (12.0pt): 
(fancyhdr)                Make it at least 14.49998pt, for example:
(fancyhdr)                \setlength{\headheight}{14.49998pt}.
(fancyhdr)                You might also make \topmargin smaller to compensate:

(fancyhdr)                \addtolength{\topmargin}{-2.49998pt}.

[108]

Package fancyhdr Warning: \headheight is too small (12.0pt): 
(fancyhdr)                Make it at least 14.49998pt, for example:
(fancyhdr)                \setlength{\headheight}{14.49998pt}.
(fancyhdr)                You might also make \topmargin smaller to compensate:

(fancyhdr)                \addtolength{\topmargin}{-2.49998pt}.

[109]

Package fancyhdr Warning: \headheight is too small (12.0pt): 
(fancyhdr)                Make it at least 14.49998pt, for example:
(fancyhdr)                \setlength{\headheight}{14.49998pt}.
(fancyhdr)                You might also make \topmargin smaller to compensate:

(fancyhdr)                \addtolength{\topmargin}{-2.49998pt}.

[110]

Package fancyhdr Warning: \headheight is too small (12.0pt): 
(fancyhdr)                Make it at least 14.49998pt, for example:
(fancyhdr)                \setlength{\headheight}{14.49998pt}.
(fancyhdr)                You might also make \topmargin smaller to compensate:

(fancyhdr)                \addtolength{\topmargin}{-2.49998pt}.

[111]

Package fancyhdr Warning: \headheight is too small (12.0pt): 
(fancyhdr)                Make it at least 14.49998pt, for example:
(fancyhdr)                \setlength{\headheight}{14.49998pt}.
(fancyhdr)                You might also make \topmargin smaller to compensate:

(fancyhdr)                \addtolength{\topmargin}{-2.49998pt}.

[112]

Package fancyhdr Warning: \headheight is too small (12.0pt): 
(fancyhdr)                Make it at least 14.49998pt, for example:
(fancyhdr)                \setlength{\headheight}{14.49998pt}.
(fancyhdr)                You might also make \topmargin smaller to compensate:

(fancyhdr)                \addtolength{\topmargin}{-2.49998pt}.

[113]

Package fancyhdr Warning: \headheight is too small (12.0pt): 
(fancyhdr)                Make it at least 14.49998pt, for example:
(fancyhdr)                \setlength{\headheight}{14.49998pt}.
(fancyhdr)                You might also make \topmargin smaller to compensate:

(fancyhdr)                \addtolength{\topmargin}{-2.49998pt}.

[114]

Package fancyhdr Warning: \headheight is too small (12.0pt): 
(fancyhdr)                Make it at least 14.49998pt, for example:
(fancyhdr)                \setlength{\headheight}{14.49998pt}.
(fancyhdr)                You might also make \topmargin smaller to compensate:

(fancyhdr)                \addtolength{\topmargin}{-2.49998pt}.

[115]

Package fancyhdr Warning: \headheight is too small (12.0pt): 
(fancyhdr)                Make it at least 14.49998pt, for example:
(fancyhdr)                \setlength{\headheight}{14.49998pt}.
(fancyhdr)                You might also make \topmargin smaller to compensate:

(fancyhdr)                \addtolength{\topmargin}{-2.49998pt}.

[116]

Package fancyhdr Warning: \headheight is too small (12.0pt): 
(fancyhdr)                Make it at least 14.49998pt, for example:
(fancyhdr)                \setlength{\headheight}{14.49998pt}.
(fancyhdr)                You might also make \topmargin smaller to compensate:

(fancyhdr)                \addtolength{\topmargin}{-2.49998pt}.

[117]

Package fancyhdr Warning: \headheight is too small (12.0pt): 
(fancyhdr)                Make it at least 14.49998pt, for example:
(fancyhdr)                \setlength{\headheight}{14.49998pt}.
(fancyhdr)                You might also make \topmargin smaller to compensate:

(fancyhdr)                \addtolength{\topmargin}{-2.49998pt}.

[118]

Package fancyhdr Warning: \headheight is too small (12.0pt): 
(fancyhdr)                Make it at least 14.49998pt, for example:
(fancyhdr)                \setlength{\headheight}{14.49998pt}.
(fancyhdr)                You might also make \topmargin smaller to compensate:

(fancyhdr)                \addtolength{\topmargin}{-2.49998pt}.

[119]
Underfull \hbox (badness 10000) in paragraph at lines 17863--17865
[]\T1/txtt/bx/n/12 optPercentage \T1/qtm/m/n/12 ^^U [de-fault=100.0] means the 
per-cent-age op-ti-
 []


Package fancyhdr Warning: \headheight is too small (12.0pt): 
(fancyhdr)                Make it at least 14.49998pt, for example:
(fancyhdr)                \setlength{\headheight}{14.49998pt}.
(fancyhdr)                You might also make \topmargin smaller to compensate:

(fancyhdr)                \addtolength{\topmargin}{-2.49998pt}.

[120]
Underfull \hbox (badness 10000) in paragraph at lines 17983--17985
[]\T1/txtt/bx/n/12 optPercentage \T1/qtm/m/n/12 ^^U [de-fault=100.0] means the 
per-cent-age op-ti-
 []


Package fancyhdr Warning: \headheight is too small (12.0pt): 
(fancyhdr)                Make it at least 14.49998pt, for example:
(fancyhdr)                \setlength{\headheight}{14.49998pt}.
(fancyhdr)                You might also make \topmargin smaller to compensate:

(fancyhdr)                \addtolength{\topmargin}{-2.49998pt}.

[121]

Package fancyhdr Warning: \headheight is too small (12.0pt): 
(fancyhdr)                Make it at least 14.49998pt, for example:
(fancyhdr)                \setlength{\headheight}{14.49998pt}.
(fancyhdr)                You might also make \topmargin smaller to compensate:

(fancyhdr)                \addtolength{\topmargin}{-2.49998pt}.

[122]

Package fancyhdr Warning: \headheight is too small (12.0pt): 
(fancyhdr)                Make it at least 14.49998pt, for example:
(fancyhdr)                \setlength{\headheight}{14.49998pt}.
(fancyhdr)                You might also make \topmargin smaller to compensate:

(fancyhdr)                \addtolength{\topmargin}{-2.49998pt}.

[123]
Underfull \hbox (badness 10000) in paragraph at lines 18275--18277
[]\T1/txtt/bx/n/12 return_sbml_model \T1/qtm/m/n/12 ^^U [de-fault=False] re-tur
n a a (cbm_mod,
 []


Package fancyhdr Warning: \headheight is too small (12.0pt): 
(fancyhdr)                Make it at least 14.49998pt, for example:
(fancyhdr)                \setlength{\headheight}{14.49998pt}.
(fancyhdr)                You might also make \topmargin smaller to compensate:

(fancyhdr)                \addtolength{\topmargin}{-2.49998pt}.

[124]
Underfull \hbox (badness 10000) in paragraph at lines 18387--18389
[]\T1/txtt/bx/n/12 hdf5file \T1/qtm/m/n/12 ^^U [de-fault=None] if None then gen
eric file-name
 []


Package fancyhdr Warning: \headheight is too small (12.0pt): 
(fancyhdr)                Make it at least 14.49998pt, for example:
(fancyhdr)                \setlength{\headheight}{14.49998pt}.
(fancyhdr)                You might also make \topmargin smaller to compensate:

(fancyhdr)                \addtolength{\topmargin}{-2.49998pt}.

[125]

Package fancyhdr Warning: \headheight is too small (12.0pt): 
(fancyhdr)                Make it at least 14.49998pt, for example:
(fancyhdr)                \setlength{\headheight}{14.49998pt}.
(fancyhdr)                You might also make \topmargin smaller to compensate:

(fancyhdr)                \addtolength{\topmargin}{-2.49998pt}.

[126]

Package fancyhdr Warning: \headheight is too small (12.0pt): 
(fancyhdr)                Make it at least 14.49998pt, for example:
(fancyhdr)                \setlength{\headheight}{14.49998pt}.
(fancyhdr)                You might also make \topmargin smaller to compensate:

(fancyhdr)                \addtolength{\topmargin}{-2.49998pt}.

[127]

Package fancyhdr Warning: \headheight is too small (12.0pt): 
(fancyhdr)                Make it at least 14.49998pt, for example:
(fancyhdr)                \setlength{\headheight}{14.49998pt}.
(fancyhdr)                You might also make \topmargin smaller to compensate:

(fancyhdr)                \addtolength{\topmargin}{-2.49998pt}.

[128]

Package fancyhdr Warning: \headheight is too small (12.0pt): 
(fancyhdr)                Make it at least 14.49998pt, for example:
(fancyhdr)                \setlength{\headheight}{14.49998pt}.
(fancyhdr)                You might also make \topmargin smaller to compensate:

(fancyhdr)                \addtolength{\topmargin}{-2.49998pt}.

[129]

Package fancyhdr Warning: \headheight is too small (12.0pt): 
(fancyhdr)                Make it at least 14.49998pt, for example:
(fancyhdr)                \setlength{\headheight}{14.49998pt}.
(fancyhdr)                You might also make \topmargin smaller to compensate:

(fancyhdr)                \addtolength{\topmargin}{-2.49998pt}.

[130]

Package fancyhdr Warning: \headheight is too small (12.0pt): 
(fancyhdr)                Make it at least 14.49998pt, for example:
(fancyhdr)                \setlength{\headheight}{14.49998pt}.
(fancyhdr)                You might also make \topmargin smaller to compensate:

(fancyhdr)                \addtolength{\topmargin}{-2.49998pt}.

[131]

Package fancyhdr Warning: \headheight is too small (12.0pt): 
(fancyhdr)                Make it at least 14.49998pt, for example:
(fancyhdr)                \setlength{\headheight}{14.49998pt}.
(fancyhdr)                You might also make \topmargin smaller to compensate:

(fancyhdr)                \addtolength{\topmargin}{-2.49998pt}.

[132]

Package fancyhdr Warning: \headheight is too small (12.0pt): 
(fancyhdr)                Make it at least 14.49998pt, for example:
(fancyhdr)                \setlength{\headheight}{14.49998pt}.
(fancyhdr)                You might also make \topmargin smaller to compensate:

(fancyhdr)                \addtolength{\topmargin}{-2.49998pt}.

[133]
Underfull \hbox (badness 10000) in paragraph at lines 19555--19557
[]\T1/txtt/bx/n/12 type \T1/qtm/m/n/12 ^^U [de-fault='all'] only out-put cer-ta
in type of species:
 []


Package fancyhdr Warning: \headheight is too small (12.0pt): 
(fancyhdr)                Make it at least 14.49998pt, for example:
(fancyhdr)                \setlength{\headheight}{14.49998pt}.
(fancyhdr)                You might also make \topmargin smaller to compensate:

(fancyhdr)                \addtolength{\topmargin}{-2.49998pt}.

[134]
Underfull \hbox (badness 5345) in paragraph at lines 19635--19637
[]\T1/txtt/bx/n/12 met_type \T1/qtm/m/n/12 ^^U [de-fault='all'] only out-put ce
r-tain type of species:
 []


Package fancyhdr Warning: \headheight is too small (12.0pt): 
(fancyhdr)                Make it at least 14.49998pt, for example:
(fancyhdr)                \setlength{\headheight}{14.49998pt}.
(fancyhdr)                You might also make \topmargin smaller to compensate:

(fancyhdr)                \addtolength{\topmargin}{-2.49998pt}.

[135]

Package fancyhdr Warning: \headheight is too small (12.0pt): 
(fancyhdr)                Make it at least 14.49998pt, for example:
(fancyhdr)                \setlength{\headheight}{14.49998pt}.
(fancyhdr)                You might also make \topmargin smaller to compensate:

(fancyhdr)                \addtolength{\topmargin}{-2.49998pt}.

[136]

Package fancyhdr Warning: \headheight is too small (12.0pt): 
(fancyhdr)                Make it at least 14.49998pt, for example:
(fancyhdr)                \setlength{\headheight}{14.49998pt}.
(fancyhdr)                You might also make \topmargin smaller to compensate:

(fancyhdr)                \addtolength{\topmargin}{-2.49998pt}.

[137]

Package fancyhdr Warning: \headheight is too small (12.0pt): 
(fancyhdr)                Make it at least 14.49998pt, for example:
(fancyhdr)                \setlength{\headheight}{14.49998pt}.
(fancyhdr)                You might also make \topmargin smaller to compensate:

(fancyhdr)                \addtolength{\topmargin}{-2.49998pt}.

[138]
Underfull \hbox (badness 10000) in paragraph at lines 20106--20121
\T1/qtm/m/n/12 print lib-s-bml.BQB_ENCODES , 8 # ^^Pen-codes^^Q, print lib-s-bm
l.BQB_HAS_PART
 []


Underfull \hbox (badness 10000) in paragraph at lines 20106--20121
\T1/qtm/m/n/12 , 1 # ^^Phas-Part^^Q, print lib-s-bml.BQB_HAS_PROPERTY , 10 # ^^
PhasProp-erty^^Q,
 []


Underfull \hbox (badness 10000) in paragraph at lines 20106--20121
\T1/qtm/m/n/12 print lib-s-bml.BQB_HAS_VERSION , 4 # ^^PhasVer-sion^^Q, print l
ib-s-bml.BQB_IS
 []


Underfull \hbox (badness 10000) in paragraph at lines 20106--20121
\T1/qtm/m/n/12 , 0 # ^^PisA^^Q, print lib-s-bml.BQB_IS_DESCRIBED_BY , 6 # ^^Pis
-De-scribedBy^^Q,
 []


Underfull \hbox (badness 10000) in paragraph at lines 20106--20121
\T1/qtm/m/n/12 print lib-s-bml.BQB_IS_ENCODED_BY , 7 # ^^PisEn-cod-edBy^^Q, pri
nt lib-s-
 []


Package fancyhdr Warning: \headheight is too small (12.0pt): 
(fancyhdr)                Make it at least 14.49998pt, for example:
(fancyhdr)                \setlength{\headheight}{14.49998pt}.
(fancyhdr)                You might also make \topmargin smaller to compensate:

(fancyhdr)                \addtolength{\topmargin}{-2.49998pt}.

[139]
Underfull \hbox (badness 10000) in paragraph at lines 20261--20263
[]\T1/txtt/bx/n/12 return_sbml_model \T1/qtm/m/n/12 ^^U [de-fault=False] re-tur
n a a (cbm_mod,
 []


Underfull \hbox (badness 10000) in paragraph at lines 20338--20340
[]\T1/txtt/bx/n/12 document \T1/qtm/m/n/12 ^^U a minidom XML doc-u-ment cre-ate
d by
 []


Package fancyhdr Warning: \headheight is too small (12.0pt): 
(fancyhdr)                Make it at least 14.49998pt, for example:
(fancyhdr)                \setlength{\headheight}{14.49998pt}.
(fancyhdr)                You might also make \topmargin smaller to compensate:

(fancyhdr)                \addtolength{\topmargin}{-2.49998pt}.

[140]
Overfull \hbox (77.56187pt too wide) in paragraph at lines 20346--20348
[]\T1/txtt/bx/n/12 operator \T1/qtm/m/n/12 ^^U one of [`greater','greaterEqual'
,'less','lessEqual','equal','>','>=','<','<=','='] 
 []


Underfull \hbox (badness 10000) in paragraph at lines 20378--20380
[]\T1/txtt/bx/n/12 document \T1/qtm/m/n/12 ^^U a minidom XML doc-u-ment cre-ate
d by
 []


Underfull \hbox (badness 10000) in paragraph at lines 20410--20412
[]\T1/txtt/bx/n/12 document \T1/qtm/m/n/12 ^^U a minidom XML doc-u-ment cre-ate
d by
 []


Underfull \hbox (badness 10000) in paragraph at lines 20450--20452
[]\T1/txtt/bx/n/12 document \T1/qtm/m/n/12 ^^U a minidom XML doc-u-ment cre-ate
d by
 []


Underfull \hbox (badness 6063) in paragraph at lines 20454--20456
[]\T1/txtt/bx/n/12 objective \T1/qtm/m/n/12 ^^U a minidom XML ob-jec-tive el-e-
ment cre-ated with
 []


Package fancyhdr Warning: \headheight is too small (12.0pt): 
(fancyhdr)                Make it at least 14.49998pt, for example:
(fancyhdr)                \setlength{\headheight}{14.49998pt}.
(fancyhdr)                You might also make \topmargin smaller to compensate:

(fancyhdr)                \addtolength{\topmargin}{-2.49998pt}.

[141]

Package fancyhdr Warning: \headheight is too small (12.0pt): 
(fancyhdr)                Make it at least 14.49998pt, for example:
(fancyhdr)                \setlength{\headheight}{14.49998pt}.
(fancyhdr)                You might also make \topmargin smaller to compensate:

(fancyhdr)                \addtolength{\topmargin}{-2.49998pt}.

[142]

Package fancyhdr Warning: \headheight is too small (12.0pt): 
(fancyhdr)                Make it at least 14.49998pt, for example:
(fancyhdr)                \setlength{\headheight}{14.49998pt}.
(fancyhdr)                You might also make \topmargin smaller to compensate:

(fancyhdr)                \addtolength{\topmargin}{-2.49998pt}.

[143]

Package fancyhdr Warning: \headheight is too small (12.0pt): 
(fancyhdr)                Make it at least 14.49998pt, for example:
(fancyhdr)                \setlength{\headheight}{14.49998pt}.
(fancyhdr)                You might also make \topmargin smaller to compensate:

(fancyhdr)                \addtolength{\topmargin}{-2.49998pt}.

[144]

Package fancyhdr Warning: \headheight is too small (12.0pt): 
(fancyhdr)                Make it at least 14.49998pt, for example:
(fancyhdr)                \setlength{\headheight}{14.49998pt}.
(fancyhdr)                You might also make \topmargin smaller to compensate:

(fancyhdr)                \addtolength{\topmargin}{-2.49998pt}.

[145]

Package fancyhdr Warning: \headheight is too small (12.0pt): 
(fancyhdr)                Make it at least 14.49998pt, for example:
(fancyhdr)                \setlength{\headheight}{14.49998pt}.
(fancyhdr)                You might also make \topmargin smaller to compensate:

(fancyhdr)                \addtolength{\topmargin}{-2.49998pt}.

[146]

Package fancyhdr Warning: \headheight is too small (12.0pt): 
(fancyhdr)                Make it at least 14.49998pt, for example:
(fancyhdr)                \setlength{\headheight}{14.49998pt}.
(fancyhdr)                You might also make \topmargin smaller to compensate:

(fancyhdr)                \addtolength{\topmargin}{-2.49998pt}.

[147]
Underfull \hbox (badness 10000) in paragraph at lines 21599--21602
\T1/qtm/m/n/12 Writes the key:value an-no-ta-tions as a Key-Val-ue-Data an-no-t
a-tion
 []


Package fancyhdr Warning: \headheight is too small (12.0pt): 
(fancyhdr)                Make it at least 14.49998pt, for example:
(fancyhdr)                \setlength{\headheight}{14.49998pt}.
(fancyhdr)                You might also make \topmargin smaller to compensate:

(fancyhdr)                \addtolength{\topmargin}{-2.49998pt}.

[148]

Package fancyhdr Warning: \headheight is too small (12.0pt): 
(fancyhdr)                Make it at least 14.49998pt, for example:
(fancyhdr)                \setlength{\headheight}{14.49998pt}.
(fancyhdr)                You might also make \topmargin smaller to compensate:

(fancyhdr)                \addtolength{\topmargin}{-2.49998pt}.

[149]

Package fancyhdr Warning: \headheight is too small (12.0pt): 
(fancyhdr)                Make it at least 14.49998pt, for example:
(fancyhdr)                \setlength{\headheight}{14.49998pt}.
(fancyhdr)                You might also make \topmargin smaller to compensate:

(fancyhdr)                \addtolength{\topmargin}{-2.49998pt}.

[150]

Package fancyhdr Warning: \headheight is too small (12.0pt): 
(fancyhdr)                Make it at least 14.49998pt, for example:
(fancyhdr)                \setlength{\headheight}{14.49998pt}.
(fancyhdr)                You might also make \topmargin smaller to compensate:

(fancyhdr)                \addtolength{\topmargin}{-2.49998pt}.

[151]
Underfull \hbox (badness 10000) in paragraph at lines 22071--22073
[]\T1/txtt/bx/n/12 return_sbml_model \T1/qtm/m/n/12 ^^U [de-fault=False] re-tur
n a a (cbm_mod,
 []


Package fancyhdr Warning: \headheight is too small (12.0pt): 
(fancyhdr)                Make it at least 14.49998pt, for example:
(fancyhdr)                \setlength{\headheight}{14.49998pt}.
(fancyhdr)                You might also make \topmargin smaller to compensate:

(fancyhdr)                \addtolength{\topmargin}{-2.49998pt}.

[152]

Package fancyhdr Warning: \headheight is too small (12.0pt): 
(fancyhdr)                Make it at least 14.49998pt, for example:
(fancyhdr)                \setlength{\headheight}{14.49998pt}.
(fancyhdr)                You might also make \topmargin smaller to compensate:

(fancyhdr)                \addtolength{\topmargin}{-2.49998pt}.

[153]
Underfull \hbox (badness 10000) in paragraph at lines 22318--22320
[]\T1/txtt/bx/n/12 return_sbml_model \T1/qtm/m/n/12 ^^U [de-fault=False] re-tur
n a a (cbm_mod,
 []


Package fancyhdr Warning: \headheight is too small (12.0pt): 
(fancyhdr)                Make it at least 14.49998pt, for example:
(fancyhdr)                \setlength{\headheight}{14.49998pt}.
(fancyhdr)                You might also make \topmargin smaller to compensate:

(fancyhdr)                \addtolength{\topmargin}{-2.49998pt}.

[154]

Package fancyhdr Warning: \headheight is too small (12.0pt): 
(fancyhdr)                Make it at least 14.49998pt, for example:
(fancyhdr)                \setlength{\headheight}{14.49998pt}.
(fancyhdr)                You might also make \topmargin smaller to compensate:

(fancyhdr)                \addtolength{\topmargin}{-2.49998pt}.

[155]

Package fancyhdr Warning: \headheight is too small (12.0pt): 
(fancyhdr)                Make it at least 14.49998pt, for example:
(fancyhdr)                \setlength{\headheight}{14.49998pt}.
(fancyhdr)                You might also make \topmargin smaller to compensate:

(fancyhdr)                \addtolength{\topmargin}{-2.49998pt}.

[156]

Package fancyhdr Warning: \headheight is too small (12.0pt): 
(fancyhdr)                Make it at least 14.49998pt, for example:
(fancyhdr)                \setlength{\headheight}{14.49998pt}.
(fancyhdr)                You might also make \topmargin smaller to compensate:

(fancyhdr)                \addtolength{\topmargin}{-2.49998pt}.

[157]

Package fancyhdr Warning: \headheight is too small (12.0pt): 
(fancyhdr)                Make it at least 14.49998pt, for example:
(fancyhdr)                \setlength{\headheight}{14.49998pt}.
(fancyhdr)                You might also make \topmargin smaller to compensate:

(fancyhdr)                \addtolength{\topmargin}{-2.49998pt}.

[158]

Package fancyhdr Warning: \headheight is too small (12.0pt): 
(fancyhdr)                Make it at least 14.49998pt, for example:
(fancyhdr)                \setlength{\headheight}{14.49998pt}.
(fancyhdr)                You might also make \topmargin smaller to compensate:

(fancyhdr)                \addtolength{\topmargin}{-2.49998pt}.

[159]

Package fancyhdr Warning: \headheight is too small (12.0pt): 
(fancyhdr)                Make it at least 14.49998pt, for example:
(fancyhdr)                \setlength{\headheight}{14.49998pt}.
(fancyhdr)                You might also make \topmargin smaller to compensate:

(fancyhdr)                \addtolength{\topmargin}{-2.49998pt}.

[160]
Underfull \hbox (badness 7576) in paragraph at lines 23507--23511
\T1/qtm/m/n/12 Plots and saves as an im-age the flux vari-abil-ity re-sults as 
gen-er-ated by CB-
 []


Package fancyhdr Warning: \headheight is too small (12.0pt): 
(fancyhdr)                Make it at least 14.49998pt, for example:
(fancyhdr)                \setlength{\headheight}{14.49998pt}.
(fancyhdr)                You might also make \topmargin smaller to compensate:

(fancyhdr)                \addtolength{\topmargin}{-2.49998pt}.

[161]

Package fancyhdr Warning: \headheight is too small (12.0pt): 
(fancyhdr)                Make it at least 14.49998pt, for example:
(fancyhdr)                \setlength{\headheight}{14.49998pt}.
(fancyhdr)                You might also make \topmargin smaller to compensate:

(fancyhdr)                \addtolength{\topmargin}{-2.49998pt}.

[162]

Package fancyhdr Warning: \headheight is too small (12.0pt): 
(fancyhdr)                Make it at least 14.49998pt, for example:
(fancyhdr)                \setlength{\headheight}{14.49998pt}.
(fancyhdr)                You might also make \topmargin smaller to compensate:

(fancyhdr)                \addtolength{\topmargin}{-2.49998pt}.

[163]

Package fancyhdr Warning: \headheight is too small (12.0pt): 
(fancyhdr)                Make it at least 14.49998pt, for example:
(fancyhdr)                \setlength{\headheight}{14.49998pt}.
(fancyhdr)                You might also make \topmargin smaller to compensate:

(fancyhdr)                \addtolength{\topmargin}{-2.49998pt}.

[164]

Package fancyhdr Warning: \headheight is too small (12.0pt): 
(fancyhdr)                Make it at least 14.49998pt, for example:
(fancyhdr)                \setlength{\headheight}{14.49998pt}.
(fancyhdr)                You might also make \topmargin smaller to compensate:

(fancyhdr)                \addtolength{\topmargin}{-2.49998pt}.

[165]

Package fancyhdr Warning: \headheight is too small (12.0pt): 
(fancyhdr)                Make it at least 14.49998pt, for example:
(fancyhdr)                \setlength{\headheight}{14.49998pt}.
(fancyhdr)                You might also make \topmargin smaller to compensate:

(fancyhdr)                \addtolength{\topmargin}{-2.49998pt}.

[166]

Package fancyhdr Warning: \headheight is too small (12.0pt): 
(fancyhdr)                Make it at least 14.49998pt, for example:
(fancyhdr)                \setlength{\headheight}{14.49998pt}.
(fancyhdr)                You might also make \topmargin smaller to compensate:

(fancyhdr)                \addtolength{\topmargin}{-2.49998pt}.

[167]

Package fancyhdr Warning: \headheight is too small (12.0pt): 
(fancyhdr)                Make it at least 14.49998pt, for example:
(fancyhdr)                \setlength{\headheight}{14.49998pt}.
(fancyhdr)                You might also make \topmargin smaller to compensate:

(fancyhdr)                \addtolength{\topmargin}{-2.49998pt}.

[168]

Package fancyhdr Warning: \headheight is too small (12.0pt): 
(fancyhdr)                Make it at least 14.49998pt, for example:
(fancyhdr)                \setlength{\headheight}{14.49998pt}.
(fancyhdr)                You might also make \topmargin smaller to compensate:

(fancyhdr)                \addtolength{\topmargin}{-2.49998pt}.

[169]

Package fancyhdr Warning: \headheight is too small (12.0pt): 
(fancyhdr)                Make it at least 14.49998pt, for example:
(fancyhdr)                \setlength{\headheight}{14.49998pt}.
(fancyhdr)                You might also make \topmargin smaller to compensate:

(fancyhdr)                \addtolength{\topmargin}{-2.49998pt}.

[170

]
Chapter 3.
[171]

Package fancyhdr Warning: \headheight is too small (12.0pt): 
(fancyhdr)                Make it at least 14.49998pt, for example:
(fancyhdr)                \setlength{\headheight}{14.49998pt}.
(fancyhdr)                You might also make \topmargin smaller to compensate:

(fancyhdr)                \addtolength{\topmargin}{-2.49998pt}.

[172

] [173


] (./CBMPy.ind

Package fancyhdr Warning: \headheight is too small (12.0pt): 
(fancyhdr)                Make it at least 14.49998pt, for example:
(fancyhdr)                \setlength{\headheight}{14.49998pt}.
(fancyhdr)                You might also make \topmargin smaller to compensate:

(fancyhdr)                \addtolength{\topmargin}{-2.49998pt}.

[174


]
Underfull \hbox (badness 10000) in paragraph at lines 8--10
[]\T1/txtt/m/n/12 __array_type__
 []


Underfull \hbox (badness 10000) in paragraph at lines 8--10
\T1/qtm/m/n/12 (\T1/qtm/m/it/12 cbmpy.CBCommon.StructMatrixLP
 []


Underfull \hbox (badness 10000) in paragraph at lines 10--11
[]\T1/txtt/m/n/12 __init__() \T1/qtm/m/n/12 (\T1/qtm/m/it/12 cbmpy.CBCommon.Com
boGen
 []


Overfull \hbox (29.28639pt too wide) in paragraph at lines 11--12
[]\T1/txtt/m/n/12 __init__() \T1/qtm/m/n/12 (\T1/qtm/m/it/12 cbmpy.CBCommon.MIR
IAMannotation
 []


Overfull \hbox (10.08638pt too wide) in paragraph at lines 13--14
[]\T1/txtt/m/n/12 __init__() \T1/qtm/m/n/12 (\T1/qtm/m/it/12 cbmpy.CBCommon.Str
uctMatrixLP
 []


Underfull \hbox (badness 10000) in paragraph at lines 14--15
[]\T1/txtt/m/n/12 __init__() \T1/qtm/m/n/12 (\T1/qtm/m/it/12 cbmpy.CBModel.Comp
artment
 []


Overfull \hbox (28.39836pt too wide) in paragraph at lines 15--17
[]\T1/txtt/m/n/12 __init__() \T1/qtm/m/n/12 (\T1/qtm/m/it/12 cbmpy.CBModel.Cons
traintComponent
 []


Underfull \hbox (badness 10000) in paragraph at lines 17--18
[]\T1/txtt/m/n/12 __init__() \T1/qtm/m/n/12 (\T1/qtm/m/it/12 cbmpy.CBModel.Flux
Bound
 []


Overfull \hbox (5.59837pt too wide) in paragraph at lines 19--20
[]\T1/txtt/m/n/12 __init__() \T1/qtm/m/n/12 (\T1/qtm/m/it/12 cbmpy.CBModel.Flux
BoundLower
 []


Overfull \hbox (5.76637pt too wide) in paragraph at lines 20--21
[]\T1/txtt/m/n/12 __init__() \T1/qtm/m/n/12 (\T1/qtm/m/it/12 cbmpy.CBModel.Flux
BoundUpper
 []


Underfull \hbox (badness 10000) in paragraph at lines 21--22
[]\T1/txtt/m/n/12 __init__() \T1/qtm/m/n/12 (\T1/qtm/m/it/12 cbmpy.CBModel.Flux
Objective
 []


Overfull \hbox (38.79037pt too wide) in paragraph at lines 22--24
[]\T1/txtt/m/n/12 __init__() \T1/qtm/m/n/12 (\T1/qtm/m/it/12 cbmpy.CBModel.Flux
ObjectiveQuadratic
 []


Overfull \hbox (38.8024pt too wide) in paragraph at lines 25--27
[]\T1/txtt/m/n/12 __init__() \T1/qtm/m/n/12 (\T1/qtm/m/it/12 cbmpy.CBModel.Gene
ProteinAssociation
 []


Overfull \hbox (40.31439pt too wide) in paragraph at lines 28--30
[]\T1/txtt/m/n/12 __init__() \T1/qtm/m/n/12 (\T1/qtm/m/it/12 cbmpy.CBModel.Grou
pMemberAttributes
 []


Underfull \hbox (badness 10000) in paragraph at lines 31--32
[]\T1/txtt/m/n/12 __init__() \T1/qtm/m/n/12 (\T1/qtm/m/it/12 cbmpy.CBModel.Obje
ctive
 []


Underfull \hbox (badness 10000) in paragraph at lines 32--33
[]\T1/txtt/m/n/12 __init__() \T1/qtm/m/n/12 (\T1/qtm/m/it/12 cbmpy.CBModel.Para
meter
 []


Underfull \hbox (badness 10000) in paragraph at lines 33--34
[]\T1/txtt/m/n/12 __init__() \T1/qtm/m/n/12 (\T1/qtm/m/it/12 cbmpy.CBModel.Reac
tion
 []


Underfull \hbox (badness 10000) in paragraph at lines 34--35
[]\T1/txtt/m/n/12 __init__() \T1/qtm/m/n/12 (\T1/qtm/m/it/12 cbmpy.CBModel.Reac
tionNew
 []


Underfull \hbox (badness 10000) in paragraph at lines 35--36
[]\T1/txtt/m/n/12 __init__() \T1/qtm/m/n/12 (\T1/qtm/m/it/12 cbmpy.CBModel.Reag
ent
 []


Underfull \hbox (badness 10000) in paragraph at lines 36--37
[]\T1/txtt/m/n/12 __init__() \T1/qtm/m/n/12 (\T1/qtm/m/it/12 cbmpy.CBModel.Spec
ies
 []


Overfull \hbox (33.71437pt too wide) in paragraph at lines 37--39
[]\T1/txtt/m/n/12 __init__() \T1/qtm/m/n/12 (\T1/qtm/m/it/12 cbmpy.CBModel.User
DefinedConstraint
 []


Underfull \hbox (badness 10000) in paragraph at lines 39--40
[]\T1/txtt/m/n/12 __init__() \T1/qtm/m/n/12 (\T1/qtm/m/it/12 cbmpy.CBNetDB.DBTo
ols
 []


Overfull \hbox (24.87035pt too wide) in paragraph at lines 40--41
[]\T1/txtt/m/n/12 __init__() \T1/qtm/m/n/12 (\T1/qtm/m/it/12 cbmpy.CBNetDB.KeGG
SequenceTools
 []


Underfull \hbox (badness 10000) in paragraph at lines 41--42
[]\T1/txtt/m/n/12 __init__() \T1/qtm/m/n/12 (\T1/qtm/m/it/12 cbmpy.CBNetDB.KeGG
Tools
 []


Underfull \hbox (badness 10000) in paragraph at lines 42--43
[]\T1/txtt/m/n/12 __init__() \T1/qtm/m/n/12 (\T1/qtm/m/it/12 cbmpy.CBNetDB.REST
Client
 []


Underfull \hbox (badness 10000) in paragraph at lines 45--46
[]\T1/txtt/m/n/12 __init__() \T1/qtm/m/n/12 (\T1/qtm/m/it/12 cbmpy.CBSolve.LPcp
lex
 []


Underfull \hbox (badness 10000) in paragraph at lines 47--48
[]\T1/txtt/m/n/12 __init__() \T1/qtm/m/n/12 (\T1/qtm/m/it/12 cbmpy.CBXML.CBMtoS
BML3
 []

[175

]
Underfull \hbox (badness 10000) in paragraph at lines 48--49
[]\T1/txtt/m/n/12 __init__() \T1/qtm/m/n/12 (\T1/qtm/m/it/12 cbmpy.CBXML.FBCcon
nect
 []


Underfull \hbox (badness 10000) in paragraph at lines 49--50
[]\T1/txtt/m/n/12 __init__() \T1/qtm/m/n/12 (\T1/qtm/m/it/12 cbmpy.CBXML.MLStri
pper
 []


Overfull \hbox (77.07037pt too wide) in paragraph at lines 50--52
[]\T1/txtt/m/n/12 __init__() \T1/qtm/m/n/12 (\T1/qtm/m/it/12 cbmpy.fluxmodules.
decomposition.AbstractVertex
 []


Overfull \hbox (79.12239pt too wide) in paragraph at lines 52--54
[]\T1/txtt/m/n/12 __init__() \T1/qtm/m/n/12 (\T1/qtm/m/it/12 cbmpy.fluxmodules.
decomposition.Decomposition
 []


Overfull \hbox (30.58238pt too wide) in paragraph at lines 54--56
[]\T1/txtt/m/n/12 __init__() \T1/qtm/m/n/12 (\T1/qtm/m/it/12 cbmpy.fluxmodules.
decomposition.Edge
 []


Overfull \hbox (106.69838pt too wide) in paragraph at lines 56--58
[]\T1/txtt/m/n/12 __init__() \T1/qtm/m/n/12 (\T1/qtm/m/it/12 cbmpy.fluxmodules.
decomposition.EdgeWidthException
 []


Overfull \hbox (27.79839pt too wide) in paragraph at lines 58--60
[]\T1/txtt/m/n/12 __init__() \T1/qtm/m/n/12 (\T1/qtm/m/it/12 cbmpy.fluxmodules.
decomposition.Leaf
 []


Overfull \hbox (141.85838pt too wide) in paragraph at lines 60--62
[]\T1/txtt/m/n/12 __init__() \T1/qtm/m/n/12 (\T1/qtm/m/it/12 cbmpy.fluxmodules.
decomposition.NotFullyBranchedException
 []


Overfull \hbox (36.82239pt too wide) in paragraph at lines 62--64
[]\T1/txtt/m/n/12 __init__() \T1/qtm/m/n/12 (\T1/qtm/m/it/12 cbmpy.fluxmodules.
decomposition.Vertex
 []


Overfull \hbox (13.20638pt too wide) in paragraph at lines 64--65
[]\T1/txtt/m/n/12 __init__() \T1/qtm/m/n/12 (\T1/qtm/m/it/12 cbmpy.fluxmodules.
matroid.Matroid
 []


Overfull \hbox (54.17438pt too wide) in paragraph at lines 65--67
[]\T1/txtt/m/n/12 __init__() \T1/qtm/m/n/12 (\T1/qtm/m/it/12 cbmpy.fluxmodules.
matroid.SimilarityMatrix
 []


Overfull \hbox (43.32639pt too wide) in paragraph at lines 67--69
[]\T1/txtt/m/n/12 __init__() \T1/qtm/m/n/12 (\T1/qtm/m/it/12 cbmpy.fluxmodules.
sparserationals.Matrix
 []


Underfull \hbox (badness 10000) in paragraph at lines 72--74
[]\T1/txtt/m/n/12 AbstractVertex \T1/qtm/m/n/12 (\T1/qtm/m/it/12 class in
 []


Underfull \hbox (badness 10000) in paragraph at lines 72--74
\T1/qtm/m/it/12 cbmpy.fluxmodules.decomposition\T1/qtm/m/n/12 ),
 []


Underfull \hbox (badness 10000) in paragraph at lines 76--77
[]\T1/txtt/m/n/12 activeObjIdx \T1/qtm/m/n/12 (\T1/qtm/m/it/12 cbmpy.CBModel.Mo
del
 []


Underfull \hbox (badness 10000) in paragraph at lines 77--79
[]\T1/txtt/m/n/12 addAssociation()
 []


Overfull \hbox (13.79852pt too wide) in paragraph at lines 77--79
\T1/qtm/m/n/12 (\T1/qtm/m/it/12 cbmpy.CBModel.GeneProteinAssociation
 []


Underfull \hbox (badness 10000) in paragraph at lines 79--80
[]\T1/txtt/m/n/12 addAssociation()
 []


Underfull \hbox (badness 10000) in paragraph at lines 79--80
\T1/qtm/m/n/12 (\T1/qtm/m/it/12 cbmpy.CBModel.Parameter method\T1/qtm/m/n/12 ),

 []


Underfull \hbox (badness 10000) in paragraph at lines 80--81
[]\T1/txtt/m/n/12 addBounds() \T1/qtm/m/n/12 (\T1/qtm/m/it/12 in mod-ule
 []


Underfull \hbox (badness 10000) in paragraph at lines 81--82
[]\T1/txtt/m/n/12 addBoundsToReactions() \T1/qtm/m/n/12 (\T1/qtm/m/it/12 in mod
-ule
 []


Underfull \hbox (badness 10000) in paragraph at lines 82--83
[]\T1/txtt/m/n/12 addBoundsV1()
 []


Underfull \hbox (badness 10000) in paragraph at lines 82--83
\T1/qtm/m/n/12 (\T1/qtm/m/it/12 cbmpy.CBXML.CBMtoSBML3
 []


Underfull \hbox (badness 10000) in paragraph at lines 83--84
[]\T1/txtt/m/n/12 addBoundsV2()
 []


Underfull \hbox (badness 10000) in paragraph at lines 83--84
\T1/qtm/m/n/12 (\T1/qtm/m/it/12 cbmpy.CBXML.CBMtoSBML3
 []


Underfull \hbox (badness 10000) in paragraph at lines 84--85
[]\T1/txtt/m/n/12 addCombination()
 []


Underfull \hbox (badness 10000) in paragraph at lines 84--85
\T1/qtm/m/n/12 (\T1/qtm/m/it/12 cbmpy.CBCommon.ComboGen
 []


Underfull \hbox (badness 10000) in paragraph at lines 85--86
[]\T1/txtt/m/n/12 addCompartment() \T1/qtm/m/n/12 (\T1/qtm/m/it/12 cbmpy.CBMode
l.Model
 []


Underfull \hbox (badness 10000) in paragraph at lines 86--88
[]\T1/txtt/m/n/12 addConstraintComponent()
 []


Overfull \hbox (8.7105pt too wide) in paragraph at lines 86--88
\T1/qtm/m/n/12 (\T1/qtm/m/it/12 cbmpy.CBModel.UserDefinedConstraint
 []


Underfull \hbox (badness 5504) in paragraph at lines 88--89
[]\T1/txtt/m/n/12 addFluxAsActiveObjective() \T1/qtm/m/n/12 (\T1/qtm/m/it/12 in
 mod-ule
 []


Underfull \hbox (badness 10000) in paragraph at lines 89--90
[]\T1/txtt/m/n/12 addFluxBound() \T1/qtm/m/n/12 (\T1/qtm/m/it/12 cbmpy.CBModel.
Model
 []


Underfull \hbox (badness 10000) in paragraph at lines 90--91
[]\T1/txtt/m/n/12 addFluxObjective()
 []


Underfull \hbox (badness 10000) in paragraph at lines 90--91
\T1/qtm/m/n/12 (\T1/qtm/m/it/12 cbmpy.CBModel.Objective method\T1/qtm/m/n/12 ),

 []


Underfull \hbox (badness 10000) in paragraph at lines 92--94
[]\T1/txtt/m/n/12 addGeneProteinAssociationsV1()
 []


Underfull \hbox (badness 10000) in paragraph at lines 92--94
\T1/qtm/m/n/12 (\T1/qtm/m/it/12 cbmpy.CBXML.CBMtoSBML3
 []


Overfull \hbox (51.40237pt too wide) in paragraph at lines 94--96
[]\T1/txtt/m/n/12 addGeneref() \T1/qtm/m/n/12 (\T1/qtm/m/it/12 cbmpy.CBModel.Ge
neProteinAssociation
 []


Underfull \hbox (badness 10000) in paragraph at lines 96--97
[]\T1/txtt/m/n/12 addGenesFromAnnotations() \T1/qtm/m/n/12 (\T1/qtm/m/it/12 in 
mod-ule
 []


Underfull \hbox (badness 10000) in paragraph at lines 98--99
[]\T1/txtt/m/n/12 addGPRAssociation()
 []


Underfull \hbox (badness 10000) in paragraph at lines 98--99
\T1/qtm/m/n/12 (\T1/qtm/m/it/12 cbmpy.CBModel.Model method\T1/qtm/m/n/12 ),
 []


Underfull \hbox (badness 10000) in paragraph at lines 100--101
[]\T1/txtt/m/n/12 addIDorgURI()
 []


Overfull \hbox (4.28252pt too wide) in paragraph at lines 100--101
\T1/qtm/m/n/12 (\T1/qtm/m/it/12 cbmpy.CBCommon.MIRIAMannotation
 []


Underfull \hbox (badness 10000) in paragraph at lines 101--102
[]\T1/txtt/m/n/12 addLinearConstraint()
 []


Underfull \hbox (badness 10000) in paragraph at lines 101--102
\T1/qtm/m/n/12 (\T1/qtm/m/it/12 cbmpy.CBSolverX.LPBase method\T1/qtm/m/n/12 ),
 []


Overfull \hbox (55.92636pt too wide) in paragraph at lines 102--104
[]\T1/txtt/m/n/12 addListRep() \T1/qtm/m/n/12 (\T1/qtm/m/it/12 cbmpy.fluxmodule
s.sparserationals.Matrix
 []


Underfull \hbox (badness 10000) in paragraph at lines 104--105
[]\T1/txtt/m/n/12 addMember() \T1/qtm/m/n/12 (\T1/qtm/m/it/12 cbmpy.CBModel.Gro
up
 []


Package fancyhdr Warning: \headheight is too small (12.0pt): 
(fancyhdr)                Make it at least 14.49998pt, for example:
(fancyhdr)                \setlength{\headheight}{14.49998pt}.
(fancyhdr)                You might also make \topmargin smaller to compensate:

(fancyhdr)                \addtolength{\topmargin}{-2.49998pt}.

[176]
Underfull \hbox (badness 10000) in paragraph at lines 105--107
[]\T1/txtt/m/n/12 addMetabolicNetwork()
 []


Overfull \hbox (18.32251pt too wide) in paragraph at lines 105--107
\T1/qtm/m/n/12 (\T1/qtm/m/it/12 cbmpy.fluxmodules.sparserationals.Matrix
 []


Underfull \hbox (badness 10000) in paragraph at lines 107--109
[]\T1/txtt/m/n/12 addMIRIAMannotation()
 []


Overfull \hbox (4.28252pt too wide) in paragraph at lines 107--109
\T1/qtm/m/n/12 (\T1/qtm/m/it/12 cbmpy.CBCommon.MIRIAMannotation
 []


Underfull \hbox (badness 10000) in paragraph at lines 109--110
[]\T1/txtt/m/n/12 addMIRIAMannotation()
 []


Underfull \hbox (badness 10000) in paragraph at lines 109--110
\T1/qtm/m/n/12 (\T1/qtm/m/it/12 cbmpy.CBModel.Fbase method\T1/qtm/m/n/12 ),
 []


Underfull \hbox (badness 10000) in paragraph at lines 110--111
[]\T1/txtt/m/n/12 addMIRIAMannotation()
 []


Underfull \hbox (badness 10000) in paragraph at lines 110--111
\T1/qtm/m/n/12 (\T1/qtm/m/it/12 cbmpy.CBModel.Model method\T1/qtm/m/n/12 ),
 []


Underfull \hbox (badness 10000) in paragraph at lines 111--112
[]\T1/txtt/m/n/12 addMIRIAMuri() \T1/qtm/m/n/12 (\T1/qtm/m/it/12 cbmpy.CBModel.
Fbase
 []


Underfull \hbox (badness 10000) in paragraph at lines 112--113
[]\T1/txtt/m/n/12 addModelAnnotation()
 []


Underfull \hbox (badness 10000) in paragraph at lines 112--113
\T1/qtm/m/n/12 (\T1/qtm/m/it/12 cbmpy.CBXML.CBMtoSBML3
 []


Underfull \hbox (badness 10000) in paragraph at lines 114--115
[]\T1/txtt/m/n/12 addModelHistory()
 []


Underfull \hbox (badness 10000) in paragraph at lines 114--115
\T1/qtm/m/n/12 (\T1/qtm/m/it/12 cbmpy.CBXML.CBMtoSBML3
 []


Underfull \hbox (badness 10000) in paragraph at lines 115--116
[]\T1/txtt/m/n/12 addObjective() \T1/qtm/m/n/12 (\T1/qtm/m/it/12 cbmpy.CBModel.
Model
 []


Underfull \hbox (badness 10000) in paragraph at lines 116--117
[]\T1/txtt/m/n/12 addObjective() \T1/qtm/m/n/12 (\T1/qtm/m/it/12 cbmpy.CBSolver
X.LPBase
 []


Underfull \hbox (badness 10000) in paragraph at lines 117--118
[]\T1/txtt/m/n/12 addObjectiveFunction() \T1/qtm/m/n/12 (\T1/qtm/m/it/12 in mod
-ule
 []


Underfull \hbox (badness 10000) in paragraph at lines 118--119
[]\T1/txtt/m/n/12 addObjectives()
 []


Underfull \hbox (badness 10000) in paragraph at lines 118--119
\T1/qtm/m/n/12 (\T1/qtm/m/it/12 cbmpy.CBXML.CBMtoSBML3
 []


Underfull \hbox (badness 10000) in paragraph at lines 119--120
[]\T1/txtt/m/n/12 addParameter() \T1/qtm/m/n/12 (\T1/qtm/m/it/12 cbmpy.CBModel.
Model
 []


Underfull \hbox (badness 5504) in paragraph at lines 120--121
[]\T1/txtt/m/n/12 addProteinCostAnnotation() \T1/qtm/m/n/12 (\T1/qtm/m/it/12 in
 mod-ule
 []


Underfull \hbox (badness 10000) in paragraph at lines 121--122
[]\T1/txtt/m/n/12 addReaction() \T1/qtm/m/n/12 (\T1/qtm/m/it/12 cbmpy.CBModel.M
odel
 []


Underfull \hbox (badness 10000) in paragraph at lines 122--123
[]\T1/txtt/m/n/12 addReactions() \T1/qtm/m/n/12 (\T1/qtm/m/it/12 in mod-ule
 []


Underfull \hbox (badness 10000) in paragraph at lines 123--124
[]\T1/txtt/m/n/12 addReagent() \T1/qtm/m/n/12 (\T1/qtm/m/it/12 cbmpy.CBModel.Re
action
 []


Underfull \hbox (badness 10000) in paragraph at lines 124--125
[]\T1/txtt/m/n/12 addReversibilityBounds() \T1/qtm/m/n/12 (\T1/qtm/m/it/12 in m
od-ule
 []


Overfull \hbox (22.12201pt too wide) in paragraph at lines 125--127
[]\T1/txtt/m/n/12 addReversibilityBoundsIgnoreReversible()
 []


Underfull \hbox (badness 10000) in paragraph at lines 127--128
[]\T1/txtt/m/n/12 addSharedMIRIAMannotation()
 []


Underfull \hbox (badness 10000) in paragraph at lines 127--128
\T1/qtm/m/n/12 (\T1/qtm/m/it/12 cbmpy.CBModel.Group method\T1/qtm/m/n/12 ),
 []


Underfull \hbox (badness 10000) in paragraph at lines 128--129
[]\T1/txtt/m/n/12 addSinkReaction() \T1/qtm/m/n/12 (\T1/qtm/m/it/12 in mod-ule
 []


Underfull \hbox (badness 10000) in paragraph at lines 129--130
[]\T1/txtt/m/n/12 addSourceReaction() \T1/qtm/m/n/12 (\T1/qtm/m/it/12 in mod-ul
e
 []


Underfull \hbox (badness 10000) in paragraph at lines 130--131
[]\T1/txtt/m/n/12 addSpecies() \T1/qtm/m/n/12 (\T1/qtm/m/it/12 cbmpy.CBModel.Mo
del
 []


Underfull \hbox (badness 10000) in paragraph at lines 131--132
[]\T1/txtt/m/n/12 addSpecies() \T1/qtm/m/n/12 (\T1/qtm/m/it/12 in mod-ule
 []


Underfull \hbox (badness 10000) in paragraph at lines 132--133
[]\T1/txtt/m/n/12 addStoichToFBAModel() \T1/qtm/m/n/12 (\T1/qtm/m/it/12 in mod-
ule
 []


Underfull \hbox (badness 10000) in paragraph at lines 133--134
[]\T1/txtt/m/n/12 addUserConstraint()
 []


Underfull \hbox (badness 10000) in paragraph at lines 133--134
\T1/qtm/m/n/12 (\T1/qtm/m/it/12 cbmpy.CBModel.Model method\T1/qtm/m/n/12 ),
 []


Underfull \hbox (badness 10000) in paragraph at lines 134--135
[]\T1/txtt/m/n/12 addUserDefinedConstraint()
 []


Underfull \hbox (badness 10000) in paragraph at lines 134--135
\T1/qtm/m/n/12 (\T1/qtm/m/it/12 cbmpy.CBModel.Model method\T1/qtm/m/n/12 ),
 []


Underfull \hbox (badness 10000) in paragraph at lines 135--137
[]\T1/txtt/m/n/12 addUserDefinedConstraintsV3()
 []


Underfull \hbox (badness 10000) in paragraph at lines 135--137
\T1/qtm/m/n/12 (\T1/qtm/m/it/12 cbmpy.CBXML.CBMtoSBML3
 []


Underfull \hbox (badness 10000) in paragraph at lines 137--138
[]\T1/txtt/m/n/12 annotation \T1/qtm/m/n/12 (\T1/qtm/m/it/12 cbmpy.CBModel.Fbas
e at-
 []


Underfull \hbox (badness 10000) in paragraph at lines 139--140
[]\T1/txtt/m/n/12 array \T1/qtm/m/n/12 (\T1/qtm/m/it/12 cbmpy.CBCommon.StructMa
trix at-
 []


Underfull \hbox (badness 10000) in paragraph at lines 140--142
[]\T1/txtt/m/n/12 assignAllSharedPropertiesToMembers()
 []


Underfull \hbox (badness 10000) in paragraph at lines 142--144
[]\T1/txtt/m/n/12 assignSharedAnnotationToMembers()
 []


Overfull \hbox (15.82202pt too wide) in paragraph at lines 144--146
[]\T1/txtt/m/n/12 assignSharedMIRIAMannotationToMembers()
 []


Underfull \hbox (badness 10000) in paragraph at lines 146--148
[]\T1/txtt/m/n/12 assignSharedNotesToMembers()
 []


Underfull \hbox (badness 10000) in paragraph at lines 146--148
\T1/qtm/m/n/12 (\T1/qtm/m/it/12 cbmpy.CBModel.Group method\T1/qtm/m/n/12 ),
 []


Underfull \hbox (badness 10000) in paragraph at lines 148--150
[]\T1/txtt/m/n/12 assignSharedSBOtermsToMembers()
 []


Overfull \hbox (7.30246pt too wide) in paragraph at lines 150--151
[]\T1/txtt/m/n/12 assoc \T1/qtm/m/n/12 (\T1/qtm/m/it/12 cbmpy.CBModel.GeneProte
inAssociation
 []


Underfull \hbox (badness 10000) in paragraph at lines 155--156
[]\T1/txtt/m/n/12 bound_registry
 []


Underfull \hbox (badness 10000) in paragraph at lines 155--156
\T1/qtm/m/n/12 (\T1/qtm/m/it/12 cbmpy.CBXML.CBMtoSBML3 at-
 []


Package fancyhdr Warning: \headheight is too small (12.0pt): 
(fancyhdr)                Make it at least 14.49998pt, for example:
(fancyhdr)                \setlength{\headheight}{14.49998pt}.
(fancyhdr)                You might also make \topmargin smaller to compensate:

(fancyhdr)                \addtolength{\topmargin}{-2.49998pt}.

[177]
Underfull \hbox (badness 10000) in paragraph at lines 156--158
[]\T1/txtt/m/n/12 buildEvalFunc()
 []


Overfull \hbox (13.79852pt too wide) in paragraph at lines 156--158
\T1/qtm/m/n/12 (\T1/qtm/m/it/12 cbmpy.CBModel.GeneProteinAssociation
 []


Underfull \hbox (badness 10000) in paragraph at lines 158--159
[]\T1/txtt/m/n/12 buildFBAobj() \T1/qtm/m/n/12 (\T1/qtm/m/it/12 in mod-ule
 []


Underfull \hbox (badness 10000) in paragraph at lines 159--161
[]\T1/txtt/m/n/12 buildGeneDatabase()
 []


Underfull \hbox (badness 10000) in paragraph at lines 159--161
\T1/qtm/m/n/12 (\T1/qtm/m/it/12 cbmpy.CBNetDB.KeGGSequenceTools
 []


Underfull \hbox (badness 10000) in paragraph at lines 161--162
[]\T1/txtt/m/n/12 buildStoichMatrix()
 []


Underfull \hbox (badness 10000) in paragraph at lines 161--162
\T1/qtm/m/n/12 (\T1/qtm/m/it/12 cbmpy.CBModel.Model method\T1/qtm/m/n/12 ),
 []


Underfull \hbox (badness 10000) in paragraph at lines 218--220
[]\T1/txtt/m/n/12 changeAllFluxBoundsWithValue()
 []


Underfull \hbox (badness 10000) in paragraph at lines 218--220
\T1/qtm/m/n/12 (\T1/qtm/m/it/12 cbmpy.CBModel.Model method\T1/qtm/m/n/12 ),
 []


Underfull \hbox (badness 10000) in paragraph at lines 220--221
[]\T1/txtt/m/n/12 changeId() \T1/qtm/m/n/12 (\T1/qtm/m/it/12 cbmpy.CBModel.Reac
tion
 []


Underfull \hbox (badness 10000) in paragraph at lines 222--223
[]\T1/txtt/m/n/12 checkChemFormula() \T1/qtm/m/n/12 (\T1/qtm/m/it/12 in mod-ule

 []


Underfull \hbox (badness 10000) in paragraph at lines 223--224
[]\T1/txtt/m/n/12 checkEntity()
 []


Overfull \hbox (4.28252pt too wide) in paragraph at lines 223--224
\T1/qtm/m/n/12 (\T1/qtm/m/it/12 cbmpy.CBCommon.MIRIAMannotation
 []


Underfull \hbox (badness 10000) in paragraph at lines 224--226
[]\T1/txtt/m/n/12 checkEntityPattern()
 []


Overfull \hbox (4.28252pt too wide) in paragraph at lines 224--226
\T1/qtm/m/n/12 (\T1/qtm/m/it/12 cbmpy.CBCommon.MIRIAMannotation
 []


Underfull \hbox (badness 10000) in paragraph at lines 226--227
[]\T1/txtt/m/n/12 checkEntryInColumn()
 []


Underfull \hbox (badness 10000) in paragraph at lines 226--227
\T1/qtm/m/n/12 (\T1/qtm/m/it/12 cbmpy.CBNetDB.DBTools method\T1/qtm/m/n/12 ),
 []


Underfull \hbox (badness 10000) in paragraph at lines 227--228
[]\T1/txtt/m/n/12 checkExchangeReactions() \T1/qtm/m/n/12 (\T1/qtm/m/it/12 in m
od-ule
 []


Overfull \hbox (22.9864pt too wide) in paragraph at lines 229--230
[]\T1/txtt/m/n/12 checkId() \T1/qtm/m/n/12 (\T1/qtm/m/it/12 cbmpy.CBCommon.MIRI
AMannotation
 []


Package fancyhdr Warning: \headheight is too small (12.0pt): 
(fancyhdr)                Make it at least 14.49998pt, for example:
(fancyhdr)                \setlength{\headheight}{14.49998pt}.
(fancyhdr)                You might also make \topmargin smaller to compensate:

(fancyhdr)                \addtolength{\topmargin}{-2.49998pt}.

[178]
Underfull \hbox (badness 10000) in paragraph at lines 232--234
[]\T1/txtt/m/n/12 checkReactionBalanceElemental() \T1/qtm/m/n/12 (\T1/qtm/m/it/
12 in
 []


Overfull \hbox (49.62637pt too wide) in paragraph at lines 234--236
[]\T1/txtt/m/n/12 checkRows() \T1/qtm/m/n/12 (\T1/qtm/m/it/12 cbmpy.fluxmodules
.sparserationals.Matrix
 []


Underfull \hbox (badness 10000) in paragraph at lines 236--237
[]\T1/txtt/m/n/12 chemFormula \T1/qtm/m/n/12 (\T1/qtm/m/it/12 cbmpy.CBModel.Spe
cies at-
 []


Underfull \hbox (badness 10000) in paragraph at lines 237--238
[]\T1/txtt/m/n/12 cidx \T1/qtm/m/n/12 (\T1/qtm/m/it/12 cbmpy.CBCommon.StructMat
rix at-
 []


Underfull \hbox (badness 10000) in paragraph at lines 241--242
[]\T1/txtt/m/n/12 Close() \T1/qtm/m/n/12 (\T1/qtm/m/it/12 cbmpy.CBNetDB.RESTCli
ent
 []


Underfull \hbox (badness 10000) in paragraph at lines 242--243
[]\T1/txtt/m/n/12 closeDB() \T1/qtm/m/n/12 (\T1/qtm/m/it/12 cbmpy.CBNetDB.DBToo
ls
 []


Overfull \hbox (34.69835pt too wide) in paragraph at lines 244--246
[]\T1/txtt/m/n/12 coefficient \T1/qtm/m/n/12 (\T1/qtm/m/it/12 cbmpy.CBModel.Con
straintComponent
 []


Overfull \hbox (45.09036pt too wide) in paragraph at lines 247--249
[]\T1/txtt/m/n/12 coefficient \T1/qtm/m/n/12 (\T1/qtm/m/it/12 cbmpy.CBModel.Flu
xObjectiveQuadratic
 []


Underfull \hbox (badness 10000) in paragraph at lines 249--250
[]\T1/txtt/m/n/12 coefficient \T1/qtm/m/n/12 (\T1/qtm/m/it/12 cbmpy.CBModel.Rea
gent
 []


Underfull \hbox (badness 10000) in paragraph at lines 250--251
[]\T1/txtt/m/n/12 col \T1/qtm/m/n/12 (\T1/qtm/m/it/12 cbmpy.CBCommon.StructMatr
ix at-
 []


Overfull \hbox (30.72641pt too wide) in paragraph at lines 251--253
[]\T1/txtt/m/n/12 coladd() \T1/qtm/m/n/12 (\T1/qtm/m/it/12 cbmpy.fluxmodules.sp
arserationals.Matrix
 []


Overfull \hbox (18.12643pt too wide) in paragraph at lines 253--254
[]\T1/txtt/m/n/12 cols() \T1/qtm/m/n/12 (\T1/qtm/m/it/12 cbmpy.fluxmodules.spar
serationals.Matrix
 []


Underfull \hbox (badness 10000) in paragraph at lines 254--255
[]\T1/txtt/m/n/12 combo \T1/qtm/m/n/12 (\T1/qtm/m/it/12 cbmpy.CBCommon.ComboGen
 at-
 []


Underfull \hbox (badness 10000) in paragraph at lines 257--258
[]\T1/txtt/m/n/12 commitDB() \T1/qtm/m/n/12 (\T1/qtm/m/it/12 cbmpy.CBNetDB.DBTo
ols
 []


Underfull \hbox (badness 10000) in paragraph at lines 258--259
[]\T1/txtt/m/n/12 compartment \T1/qtm/m/n/12 (\T1/qtm/m/it/12 cbmpy.CBModel.Fba
se at-
 []


Underfull \hbox (badness 10000) in paragraph at lines 260--261
[]\T1/txtt/m/n/12 compartments \T1/qtm/m/n/12 (\T1/qtm/m/it/12 cbmpy.CBModel.Mo
del
 []


Underfull \hbox (badness 10000) in paragraph at lines 262--263
[]\T1/txtt/m/n/12 Connect() \T1/qtm/m/n/12 (\T1/qtm/m/it/12 cbmpy.CBNetDB.RESTC
lient
 []


Underfull \hbox (badness 10000) in paragraph at lines 264--266
[]\T1/txtt/m/n/12 connectivity()
 []


Underfull \hbox (badness 10000) in paragraph at lines 264--266
\T1/qtm/m/n/12 (\T1/qtm/m/it/12 cbmpy.fluxmodules.matroid.Matroid
 []


Underfull \hbox (badness 10000) in paragraph at lines 266--267
[]\T1/txtt/m/n/12 connectSQLiteDB()
 []


Underfull \hbox (badness 10000) in paragraph at lines 266--267
\T1/qtm/m/n/12 (\T1/qtm/m/it/12 cbmpy.CBNetDB.DBTools method\T1/qtm/m/n/12 ),
 []


Underfull \hbox (badness 10000) in paragraph at lines 267--268
[]\T1/txtt/m/n/12 constant \T1/qtm/m/n/12 (\T1/qtm/m/it/12 cbmpy.CBModel.Parame
ter at-
 []


Underfull \hbox (badness 10000) in paragraph at lines 268--270
[]\T1/txtt/m/n/12 constraint_components
 []


Overfull \hbox (8.7105pt too wide) in paragraph at lines 268--270
\T1/qtm/m/n/12 (\T1/qtm/m/it/12 cbmpy.CBModel.UserDefinedConstraint
 []


Underfull \hbox (badness 10000) in paragraph at lines 270--271
[]\T1/txtt/m/n/12 ConstraintComponent \T1/qtm/m/n/12 (\T1/qtm/m/it/12 class in
 []


Underfull \hbox (badness 10000) in paragraph at lines 271--272
[]\T1/txtt/m/n/12 containsReactions()
 []


Underfull \hbox (badness 10000) in paragraph at lines 271--272
\T1/qtm/m/n/12 (\T1/qtm/m/it/12 cbmpy.CBModel.Compartment
 []


Underfull \hbox (badness 10000) in paragraph at lines 272--273
[]\T1/txtt/m/n/12 containsSpecies()
 []


Underfull \hbox (badness 10000) in paragraph at lines 272--273
\T1/qtm/m/n/12 (\T1/qtm/m/it/12 cbmpy.CBModel.Compartment
 []


Overfull \hbox (13.20638pt too wide) in paragraph at lines 273--274
[]\T1/txtt/m/n/12 contract() \T1/qtm/m/n/12 (\T1/qtm/m/it/12 cbmpy.fluxmodules.
matroid.Matroid
 []


Overfull \hbox (72.52191pt too wide) in paragraph at lines 274--276
[]\T1/txtt/m/n/12 convertUserConstraintsToUserDefinedConstraints()
 []


Overfull \hbox (25.80635pt too wide) in paragraph at lines 276--277
[]\T1/txtt/m/n/12 coparallel() \T1/qtm/m/n/12 (\T1/qtm/m/it/12 cbmpy.fluxmodule
s.matroid.Matroid
 []


Underfull \hbox (badness 10000) in paragraph at lines 277--278
[]\T1/txtt/m/n/12 copy() \T1/qtm/m/n/12 (\T1/qtm/m/it/12 cbmpy.fluxmodules.matr
oid.Matroid
 []


Overfull \hbox (18.12643pt too wide) in paragraph at lines 278--279
[]\T1/txtt/m/n/12 copy() \T1/qtm/m/n/12 (\T1/qtm/m/it/12 cbmpy.fluxmodules.spar
serationals.Matrix
 []


Underfull \hbox (badness 10000) in paragraph at lines 279--280
[]\T1/txtt/m/n/12 copyReaction() \T1/qtm/m/n/12 (\T1/qtm/m/it/12 in mod-ule
 []


Underfull \hbox (badness 10000) in paragraph at lines 280--281
[]\T1/txtt/m/n/12 copySpecies() \T1/qtm/m/n/12 (\T1/qtm/m/it/12 in mod-ule
 []


Overfull \hbox (53.62195pt too wide) in paragraph at lines 281--283
[]\T1/txtt/m/n/12 copyUserDefinedConstraintsToUserConstraints()
 []


Overfull \hbox (0.6064pt too wide) in paragraph at lines 283--284
[]\T1/txtt/m/n/12 corank() \T1/qtm/m/n/12 (\T1/qtm/m/it/12 cbmpy.fluxmodules.ma
troid.Matroid
 []


Package fancyhdr Warning: \headheight is too small (12.0pt): 
(fancyhdr)                Make it at least 14.49998pt, for example:
(fancyhdr)                \setlength{\headheight}{14.49998pt}.
(fancyhdr)                You might also make \topmargin smaller to compensate:

(fancyhdr)                \addtolength{\topmargin}{-2.49998pt}.

[179]
Underfull \hbox (badness 10000) in paragraph at lines 285--287
[]\T1/txtt/m/n/12 createAssociationAndGeneRefs()
 []


Overfull \hbox (13.79852pt too wide) in paragraph at lines 285--287
\T1/qtm/m/n/12 (\T1/qtm/m/it/12 cbmpy.CBModel.GeneProteinAssociation
 []


Overfull \hbox (22.12201pt too wide) in paragraph at lines 287--289
[]\T1/txtt/m/n/12 createAssociationAndGeneRefsFromString()
 []


Overfull \hbox (13.79852pt too wide) in paragraph at lines 287--289
\T1/qtm/m/n/12 (\T1/qtm/m/it/12 cbmpy.CBModel.GeneProteinAssociation
 []


Overfull \hbox (9.52203pt too wide) in paragraph at lines 289--291
[]\T1/txtt/m/n/12 createAssociationAndGeneRefsFromTree()
 []


Overfull \hbox (13.79852pt too wide) in paragraph at lines 289--291
\T1/qtm/m/n/12 (\T1/qtm/m/it/12 cbmpy.CBModel.GeneProteinAssociation
 []


Underfull \hbox (badness 10000) in paragraph at lines 291--293
[]\T1/txtt/m/n/12 createAssociationDictFromNode() \T1/qtm/m/n/12 (\T1/qtm/m/it/
12 in
 []


Underfull \hbox (badness 10000) in paragraph at lines 293--294
[]\T1/txtt/m/n/12 createCompartment()
 []


Underfull \hbox (badness 10000) in paragraph at lines 293--294
\T1/qtm/m/n/12 (\T1/qtm/m/it/12 cbmpy.CBModel.Model method\T1/qtm/m/n/12 ),
 []


Underfull \hbox (badness 10000) in paragraph at lines 294--296
[]\T1/txtt/m/n/12 createConstraintComponent()
 []


Overfull \hbox (8.7105pt too wide) in paragraph at lines 294--296
\T1/qtm/m/n/12 (\T1/qtm/m/it/12 cbmpy.CBModel.UserDefinedConstraint
 []


Underfull \hbox (badness 10000) in paragraph at lines 297--299
[]\T1/txtt/m/n/12 createFbParameterSharedV2()
 []


Underfull \hbox (badness 10000) in paragraph at lines 297--299
\T1/qtm/m/n/12 (\T1/qtm/m/it/12 cbmpy.CBXML.CBMtoSBML3
 []


Underfull \hbox (badness 10000) in paragraph at lines 299--300
[]\T1/txtt/m/n/12 createFbParameterV2()
 []


Underfull \hbox (badness 10000) in paragraph at lines 299--300
\T1/qtm/m/n/12 (\T1/qtm/m/it/12 cbmpy.CBXML.CBMtoSBML3
 []


Underfull \hbox (badness 10000) in paragraph at lines 300--301
[]\T1/txtt/m/n/12 createFluxBoundV1()
 []


Underfull \hbox (badness 10000) in paragraph at lines 301--302
[]\T1/txtt/m/n/12 createFluxObjectives()
 []


Underfull \hbox (badness 10000) in paragraph at lines 301--302
\T1/qtm/m/n/12 (\T1/qtm/m/it/12 cbmpy.CBModel.Objective method\T1/qtm/m/n/12 ),

 []


Overfull \hbox (15.82202pt too wide) in paragraph at lines 302--304
[]\T1/txtt/m/n/12 createGeneAssociationsFromAnnotations()
 []


Underfull \hbox (badness 10000) in paragraph at lines 304--306
[]\T1/txtt/m/n/12 createGeneAssociationV1()
 []


Underfull \hbox (badness 10000) in paragraph at lines 306--308
[]\T1/txtt/m/n/12 createGeneProteinAssociation()
 []


Underfull \hbox (badness 10000) in paragraph at lines 306--308
\T1/qtm/m/n/12 (\T1/qtm/m/it/12 cbmpy.CBModel.Model method\T1/qtm/m/n/12 ),
 []


Overfull \hbox (9.52203pt too wide) in paragraph at lines 308--310
[]\T1/txtt/m/n/12 createGeneProteinAssociationFromTree()
 []


Underfull \hbox (badness 10000) in paragraph at lines 310--311
[]\T1/txtt/m/n/12 createGroup() \T1/qtm/m/n/12 (\T1/qtm/m/it/12 cbmpy.CBModel.M
odel
 []


Underfull \hbox (badness 10000) in paragraph at lines 312--313
[]\T1/txtt/m/n/12 createGroupLegacy()
 []


Underfull \hbox (badness 10000) in paragraph at lines 313--314
[]\T1/txtt/m/n/12 createObjective()
 []


Underfull \hbox (badness 10000) in paragraph at lines 314--315
[]\T1/txtt/m/n/12 createObjectiveFunction()
 []


Underfull \hbox (badness 10000) in paragraph at lines 314--315
\T1/qtm/m/n/12 (\T1/qtm/m/it/12 cbmpy.CBModel.Model method\T1/qtm/m/n/12 ),
 []


Underfull \hbox (badness 10000) in paragraph at lines 316--317
[]\T1/txtt/m/n/12 createParParameter()
 []


Underfull \hbox (badness 10000) in paragraph at lines 316--317
\T1/qtm/m/n/12 (\T1/qtm/m/it/12 cbmpy.CBXML.CBMtoSBML3
 []


Underfull \hbox (badness 10000) in paragraph at lines 317--319
[]\T1/txtt/m/n/12 createQuadraticFluxObjectives()
 []


Underfull \hbox (badness 10000) in paragraph at lines 317--319
\T1/qtm/m/n/12 (\T1/qtm/m/it/12 cbmpy.CBModel.Objective method\T1/qtm/m/n/12 ),

 []


Underfull \hbox (badness 10000) in paragraph at lines 319--320
[]\T1/txtt/m/n/12 createReaction() \T1/qtm/m/n/12 (\T1/qtm/m/it/12 cbmpy.CBMode
l.Model
 []


Underfull \hbox (badness 10000) in paragraph at lines 320--321
[]\T1/txtt/m/n/12 createReactionBounds()
 []


Underfull \hbox (badness 10000) in paragraph at lines 320--321
\T1/qtm/m/n/12 (\T1/qtm/m/it/12 cbmpy.CBModel.Model method\T1/qtm/m/n/12 ),
 []


Underfull \hbox (badness 10000) in paragraph at lines 321--322
[]\T1/txtt/m/n/12 createReactionLowerBound()
 []


Underfull \hbox (badness 10000) in paragraph at lines 321--322
\T1/qtm/m/n/12 (\T1/qtm/m/it/12 cbmpy.CBModel.Model method\T1/qtm/m/n/12 ),
 []


Underfull \hbox (badness 10000) in paragraph at lines 322--323
[]\T1/txtt/m/n/12 createReactionNew()
 []


Underfull \hbox (badness 10000) in paragraph at lines 322--323
\T1/qtm/m/n/12 (\T1/qtm/m/it/12 cbmpy.CBModel.Model method\T1/qtm/m/n/12 ),
 []


Underfull \hbox (badness 10000) in paragraph at lines 323--324
[]\T1/txtt/m/n/12 createReactionReagent()
 []


Underfull \hbox (badness 10000) in paragraph at lines 323--324
\T1/qtm/m/n/12 (\T1/qtm/m/it/12 cbmpy.CBModel.Model method\T1/qtm/m/n/12 ),
 []


Underfull \hbox (badness 10000) in paragraph at lines 324--325
[]\T1/txtt/m/n/12 createReactionUpperBound()
 []


Underfull \hbox (badness 10000) in paragraph at lines 324--325
\T1/qtm/m/n/12 (\T1/qtm/m/it/12 cbmpy.CBModel.Model method\T1/qtm/m/n/12 ),
 []


Underfull \hbox (badness 10000) in paragraph at lines 326--327
[]\T1/txtt/m/n/12 createSingleGeneEffectMap()
 []


Underfull \hbox (badness 10000) in paragraph at lines 326--327
\T1/qtm/m/n/12 (\T1/qtm/m/it/12 cbmpy.CBModel.Model method\T1/qtm/m/n/12 ),
 []


Underfull \hbox (badness 10000) in paragraph at lines 327--328
[]\T1/txtt/m/n/12 createSpecies() \T1/qtm/m/n/12 (\T1/qtm/m/it/12 cbmpy.CBModel
.Model
 []


Underfull \hbox (badness 10000) in paragraph at lines 328--329
[]\T1/txtt/m/n/12 createTempFileName() \T1/qtm/m/n/12 (\T1/qtm/m/it/12 in mod-u
le
 []


Underfull \hbox (badness 10000) in paragraph at lines 329--331
[]\T1/txtt/m/n/12 createUserDefinedConstraint()
 []


Underfull \hbox (badness 10000) in paragraph at lines 329--331
\T1/qtm/m/n/12 (\T1/qtm/m/it/12 cbmpy.CBModel.Model method\T1/qtm/m/n/12 ),
 []


Package fancyhdr Warning: \headheight is too small (12.0pt): 
(fancyhdr)                Make it at least 14.49998pt, for example:
(fancyhdr)                \setlength{\headheight}{14.49998pt}.
(fancyhdr)                You might also make \topmargin smaller to compensate:

(fancyhdr)                \addtolength{\topmargin}{-2.49998pt}.

[180]
Underfull \hbox (badness 10000) in paragraph at lines 331--332
[]\T1/txtt/m/n/12 createZipArchive() \T1/qtm/m/n/12 (\T1/qtm/m/it/12 in mod-ule

 []


Underfull \hbox (badness 10000) in paragraph at lines 333--334
[]\T1/txtt/m/n/12 ctype \T1/qtm/m/n/12 (\T1/qtm/m/it/12 cbmpy.CBModel.FluxObjec
tive at-
 []


Overfull \hbox (7.29044pt too wide) in paragraph at lines 334--335
[]\T1/txtt/m/n/12 ctype \T1/qtm/m/n/12 (\T1/qtm/m/it/12 cbmpy.CBModel.FluxObjec
tiveQuadratic
 []


Overfull \hbox (3.19841pt too wide) in paragraph at lines 335--336
[]\T1/txtt/m/n/12 ctypes \T1/qtm/m/n/12 (\T1/qtm/m/it/12 cbmpy.CBModel.Constrai
ntComponent
 []


Underfull \hbox (badness 10000) in paragraph at lines 336--337
[]\T1/txtt/m/n/12 ctypes \T1/qtm/m/n/12 (\T1/qtm/m/it/12 cbmpy.CBModel.FluxObje
ctive at-
 []


Overfull \hbox (13.59042pt too wide) in paragraph at lines 337--338
[]\T1/txtt/m/n/12 ctypes \T1/qtm/m/n/12 (\T1/qtm/m/it/12 cbmpy.CBModel.FluxObje
ctiveQuadratic
 []


Underfull \hbox (badness 10000) in paragraph at lines 338--339
[]\T1/txtt/m/n/12 current_version() \T1/qtm/m/n/12 (\T1/qtm/m/it/12 in mod-ule
 []


Underfull \hbox (badness 10000) in paragraph at lines 339--340
[]\T1/txtt/m/n/12 current_version_tuple() \T1/qtm/m/n/12 (\T1/qtm/m/it/12 in mo
d-ule
 []


Underfull \hbox (badness 10000) in paragraph at lines 343--344
[]\T1/txtt/m/n/12 data \T1/qtm/m/n/12 (\T1/qtm/m/it/12 cbmpy.CBNetDB.SemanticSB
ML at-
 []


Underfull \hbox (badness 10000) in paragraph at lines 344--345
[]\T1/txtt/m/n/12 DATE_CREATED \T1/qtm/m/n/12 (\T1/qtm/m/it/12 cbmpy.CBModel.Mo
del
 []


Underfull \hbox (badness 10000) in paragraph at lines 348--349
[]\T1/txtt/m/n/12 db_cursor \T1/qtm/m/n/12 (\T1/qtm/m/it/12 cbmpy.CBNetDB.DBToo
ls at-
 []


Underfull \hbox (badness 10000) in paragraph at lines 349--350
[]\T1/txtt/m/n/12 db_tables \T1/qtm/m/n/12 (\T1/qtm/m/it/12 cbmpy.CBNetDB.DBToo
ls at-
 []


Underfull \hbox (badness 10000) in paragraph at lines 351--352
[]\T1/txtt/m/n/12 deactivateReaction()
 []


Underfull \hbox (badness 10000) in paragraph at lines 352--353
[]\T1/txtt/m/n/12 deactivateReaction()
 []


Underfull \hbox (badness 10000) in paragraph at lines 352--353
\T1/qtm/m/n/12 (\T1/qtm/m/it/12 cbmpy.CBModel.ReactionNew
 []


Underfull \hbox (badness 10000) in paragraph at lines 353--354
[]\T1/txtt/m/n/12 Decomposition \T1/qtm/m/n/12 (\T1/qtm/m/it/12 class in
 []


Underfull \hbox (badness 10000) in paragraph at lines 353--354
\T1/qtm/m/it/12 cbmpy.fluxmodules.decomposition\T1/qtm/m/n/12 ),
 []


Overfull \hbox (0.6064pt too wide) in paragraph at lines 354--355
[]\T1/txtt/m/n/12 delete() \T1/qtm/m/n/12 (\T1/qtm/m/it/12 cbmpy.fluxmodules.ma
troid.Matroid
 []


Underfull \hbox (badness 10000) in paragraph at lines 355--357
[]\T1/txtt/m/n/12 deleteAllFluxBoundsWithValue()
 []


Underfull \hbox (badness 10000) in paragraph at lines 355--357
\T1/qtm/m/n/12 (\T1/qtm/m/it/12 cbmpy.CBModel.Model method\T1/qtm/m/n/12 ),
 []


Underfull \hbox (badness 10000) in paragraph at lines 357--359
[]\T1/txtt/m/n/12 deleteAllFluxObjectives()
 []


Underfull \hbox (badness 10000) in paragraph at lines 357--359
\T1/qtm/m/n/12 (\T1/qtm/m/it/12 cbmpy.CBModel.Objective method\T1/qtm/m/n/12 ),

 []


Underfull \hbox (badness 10000) in paragraph at lines 359--360
[]\T1/txtt/m/n/12 deleteAnnotation()
 []


Underfull \hbox (badness 10000) in paragraph at lines 359--360
\T1/qtm/m/n/12 (\T1/qtm/m/it/12 cbmpy.CBModel.Fbase method\T1/qtm/m/n/12 ),
 []


Underfull \hbox (badness 10000) in paragraph at lines 360--361
[]\T1/txtt/m/n/12 deleteAssociation()
 []


Underfull \hbox (badness 10000) in paragraph at lines 360--361
\T1/qtm/m/n/12 (\T1/qtm/m/it/12 cbmpy.CBModel.Parameter method\T1/qtm/m/n/12 ),

 []


Underfull \hbox (badness 10000) in paragraph at lines 361--362
[]\T1/txtt/m/n/12 deleteBoundsForReactionId()
 []


Underfull \hbox (badness 10000) in paragraph at lines 361--362
\T1/qtm/m/n/12 (\T1/qtm/m/it/12 cbmpy.CBModel.Model method\T1/qtm/m/n/12 ),
 []


Underfull \hbox (badness 10000) in paragraph at lines 362--363
[]\T1/txtt/m/n/12 deleteCompartment()
 []


Underfull \hbox (badness 10000) in paragraph at lines 362--363
\T1/qtm/m/n/12 (\T1/qtm/m/it/12 cbmpy.CBModel.Model method\T1/qtm/m/n/12 ),
 []


Underfull \hbox (badness 10000) in paragraph at lines 363--364
[]\T1/txtt/m/n/12 deleteGene() \T1/qtm/m/n/12 (\T1/qtm/m/it/12 cbmpy.CBModel.Mo
del
 []


Underfull \hbox (badness 10000) in paragraph at lines 364--365
[]\T1/txtt/m/n/12 deleteGeneByLabel()
 []


Underfull \hbox (badness 10000) in paragraph at lines 364--365
\T1/qtm/m/n/12 (\T1/qtm/m/it/12 cbmpy.CBModel.Model method\T1/qtm/m/n/12 ),
 []


Underfull \hbox (badness 10000) in paragraph at lines 365--367
[]\T1/txtt/m/n/12 deleteGeneFromAssociation()
 []


Overfull \hbox (13.79852pt too wide) in paragraph at lines 365--367
\T1/qtm/m/n/12 (\T1/qtm/m/it/12 cbmpy.CBModel.GeneProteinAssociation
 []


Underfull \hbox (badness 10000) in paragraph at lines 367--369
[]\T1/txtt/m/n/12 deleteGeneref()
 []


Overfull \hbox (13.79852pt too wide) in paragraph at lines 367--369
\T1/qtm/m/n/12 (\T1/qtm/m/it/12 cbmpy.CBModel.GeneProteinAssociation
 []


Underfull \hbox (badness 10000) in paragraph at lines 369--370
[]\T1/txtt/m/n/12 deleteGPRAssociation()
 []


Underfull \hbox (badness 10000) in paragraph at lines 369--370
\T1/qtm/m/n/12 (\T1/qtm/m/it/12 cbmpy.CBModel.Model method\T1/qtm/m/n/12 ),
 []


Underfull \hbox (badness 10000) in paragraph at lines 370--371
[]\T1/txtt/m/n/12 deleteGroup() \T1/qtm/m/n/12 (\T1/qtm/m/it/12 cbmpy.CBModel.M
odel
 []


Underfull \hbox (badness 10000) in paragraph at lines 371--372
[]\T1/txtt/m/n/12 deleteMember() \T1/qtm/m/n/12 (\T1/qtm/m/it/12 cbmpy.CBModel.
Group
 []


Underfull \hbox (badness 10000) in paragraph at lines 372--374
[]\T1/txtt/m/n/12 deleteMIRIAMannotation()
 []


Overfull \hbox (4.28252pt too wide) in paragraph at lines 372--374
\T1/qtm/m/n/12 (\T1/qtm/m/it/12 cbmpy.CBCommon.MIRIAMannotation
 []


Underfull \hbox (badness 10000) in paragraph at lines 374--375
[]\T1/txtt/m/n/12 deleteMIRIAMannotation()
 []


Underfull \hbox (badness 10000) in paragraph at lines 374--375
\T1/qtm/m/n/12 (\T1/qtm/m/it/12 cbmpy.CBModel.Fbase method\T1/qtm/m/n/12 ),
 []


Underfull \hbox (badness 10000) in paragraph at lines 375--376
[]\T1/txtt/m/n/12 deleteNonReactingSpecies()
 []


Underfull \hbox (badness 10000) in paragraph at lines 375--376
\T1/qtm/m/n/12 (\T1/qtm/m/it/12 cbmpy.CBModel.Model method\T1/qtm/m/n/12 ),
 []


Package fancyhdr Warning: \headheight is too small (12.0pt): 
(fancyhdr)                Make it at least 14.49998pt, for example:
(fancyhdr)                \setlength{\headheight}{14.49998pt}.
(fancyhdr)                You might also make \topmargin smaller to compensate:

(fancyhdr)                \addtolength{\topmargin}{-2.49998pt}.

[181]
Underfull \hbox (badness 10000) in paragraph at lines 377--378
[]\T1/txtt/m/n/12 deleteReactionAndBounds()
 []


Underfull \hbox (badness 10000) in paragraph at lines 377--378
\T1/qtm/m/n/12 (\T1/qtm/m/it/12 cbmpy.CBModel.Model method\T1/qtm/m/n/12 ),
 []


Underfull \hbox (badness 10000) in paragraph at lines 378--380
[]\T1/txtt/m/n/12 deleteReagentWithSpeciesRef()
 []


Underfull \hbox (badness 10000) in paragraph at lines 380--381
[]\T1/txtt/m/n/12 deleteSpecies() \T1/qtm/m/n/12 (\T1/qtm/m/it/12 cbmpy.CBModel
.Model
 []


Underfull \hbox (badness 10000) in paragraph at lines 381--382
[]\T1/txtt/m/n/12 description \T1/qtm/m/n/12 (\T1/qtm/m/it/12 cbmpy.CBModel.Mod
el at-
 []


Underfull \hbox (badness 10000) in paragraph at lines 383--384
[]\T1/txtt/m/n/12 deSerializeFromDisk() \T1/qtm/m/n/12 (\T1/qtm/m/it/12 in mod-
ule
 []


Underfull \hbox (badness 10000) in paragraph at lines 384--385
[]\T1/txtt/m/n/12 dimensions \T1/qtm/m/n/12 (\T1/qtm/m/it/12 cbmpy.CBModel.Comp
artment
 []


Underfull \hbox (badness 10000) in paragraph at lines 385--386
[]\T1/txtt/m/n/12 doc \T1/qtm/m/n/12 (\T1/qtm/m/it/12 cbmpy.CBXML.FBCconnect at
-tribute\T1/qtm/m/n/12 ),
 []


Underfull \hbox (badness 10000) in paragraph at lines 387--388
[]\T1/txtt/m/n/12 dual() \T1/qtm/m/n/12 (\T1/qtm/m/it/12 cbmpy.fluxmodules.matr
oid.Matroid
 []


Underfull \hbox (badness 10000) in paragraph at lines 388--389
[]\T1/txtt/m/n/12 dumpReactionsToTxt() \T1/qtm/m/n/12 (\T1/qtm/m/it/12 in mod-u
le
 []


Underfull \hbox (badness 10000) in paragraph at lines 389--390
[]\T1/txtt/m/n/12 dumpSpeciesToTxt() \T1/qtm/m/n/12 (\T1/qtm/m/it/12 in mod-ule

 []


Underfull \hbox (badness 10000) in paragraph at lines 390--391
[]\T1/txtt/m/n/12 dumpTableToCSV()
 []


Underfull \hbox (badness 10000) in paragraph at lines 390--391
\T1/qtm/m/n/12 (\T1/qtm/m/it/12 cbmpy.CBNetDB.DBTools method\T1/qtm/m/n/12 ),
 []


Underfull \hbox (badness 10000) in paragraph at lines 391--392
[]\T1/txtt/m/n/12 dumpTableToTxt()
 []


Underfull \hbox (badness 10000) in paragraph at lines 391--392
\T1/qtm/m/n/12 (\T1/qtm/m/it/12 cbmpy.CBNetDB.DBTools method\T1/qtm/m/n/12 ),
 []


Underfull \hbox (badness 10000) in paragraph at lines 395--396
[]\T1/txtt/m/n/12 Edge \T1/qtm/m/n/12 (\T1/qtm/m/it/12 class in
 []


Underfull \hbox (badness 10000) in paragraph at lines 395--396
\T1/qtm/m/it/12 cbmpy.fluxmodules.decomposition\T1/qtm/m/n/12 ),
 []


Underfull \hbox (badness 10000) in paragraph at lines 397--398
[]\T1/txtt/m/n/12 emptyUndelete() \T1/qtm/m/n/12 (\T1/qtm/m/it/12 cbmpy.CBModel
.Model
 []


Overfull \hbox (10.38643pt too wide) in paragraph at lines 398--399
[]\T1/txtt/m/n/12 encodes \T1/qtm/m/n/12 (\T1/qtm/m/it/12 cbmpy.CBCommon.MIRIAM
annotation
 []


Underfull \hbox (badness 10000) in paragraph at lines 399--401
[]\T1/txtt/m/n/12 evalAssociation()
 []


Overfull \hbox (13.79852pt too wide) in paragraph at lines 399--401
\T1/qtm/m/n/12 (\T1/qtm/m/it/12 cbmpy.CBModel.GeneProteinAssociation
 []


Overfull \hbox (13.20638pt too wide) in paragraph at lines 401--402
[]\T1/txtt/m/n/12 exchange() \T1/qtm/m/n/12 (\T1/qtm/m/it/12 cbmpy.fluxmodules.
matroid.Matroid
 []


Underfull \hbox (badness 10000) in paragraph at lines 402--403
[]\T1/txtt/m/n/12 executeSQL() \T1/qtm/m/n/12 (\T1/qtm/m/it/12 cbmpy.CBNetDB.DB
Tools
 []


Underfull \hbox (badness 10000) in paragraph at lines 403--404
[]\T1/txtt/m/n/12 exportArray2CSV() \T1/qtm/m/n/12 (\T1/qtm/m/it/12 in mod-ule
 []


Underfull \hbox (badness 10000) in paragraph at lines 404--405
[]\T1/txtt/m/n/12 exportArray2TXT() \T1/qtm/m/n/12 (\T1/qtm/m/it/12 in mod-ule
 []


Underfull \hbox (badness 10000) in paragraph at lines 405--406
[]\T1/txtt/m/n/12 exportFVAdata() \T1/qtm/m/n/12 (\T1/qtm/m/it/12 cbmpy.CBModel
.Model
 []


Underfull \hbox (badness 10000) in paragraph at lines 406--407
[]\T1/txtt/m/n/12 exportLabelledArray() \T1/qtm/m/n/12 (\T1/qtm/m/it/12 in mod-
ule
 []


Underfull \hbox (badness 10000) in paragraph at lines 407--408
[]\T1/txtt/m/n/12 exportLabelledArray2CSV() \T1/qtm/m/n/12 (\T1/qtm/m/it/12 in 
mod-ule
 []


Underfull \hbox (badness 10000) in paragraph at lines 408--409
[]\T1/txtt/m/n/12 exportLabelledArray2TXT() \T1/qtm/m/n/12 (\T1/qtm/m/it/12 in 
mod-ule
 []


Underfull \hbox (badness 10000) in paragraph at lines 409--411
[]\T1/txtt/m/n/12 exportLabelledArrayWithHeader() \T1/qtm/m/n/12 (\T1/qtm/m/it/
12 in
 []


Underfull \hbox (badness 10000) in paragraph at lines 411--413
[]\T1/txtt/m/n/12 exportLabelledArrayWithHeader2CSV()
 []


Underfull \hbox (badness 10000) in paragraph at lines 413--415
[]\T1/txtt/m/n/12 exportLabelledArrayWithHeader2TXT()
 []


Underfull \hbox (badness 5504) in paragraph at lines 415--416
[]\T1/txtt/m/n/12 exportLabelledLinkedList() \T1/qtm/m/n/12 (\T1/qtm/m/it/12 in
 mod-ule
 []


Underfull \hbox (badness 10000) in paragraph at lines 416--417
[]\T1/txtt/m/n/12 exportUserConstraints()
 []


Underfull \hbox (badness 10000) in paragraph at lines 416--417
\T1/qtm/m/n/12 (\T1/qtm/m/it/12 cbmpy.CBModel.Model method\T1/qtm/m/n/12 ),
 []


Underfull \hbox (badness 5504) in paragraph at lines 417--418
[]\T1/txtt/m/n/12 extractGeneIdsFromString() \T1/qtm/m/n/12 (\T1/qtm/m/it/12 in
 mod-ule
 []


Underfull \hbox (badness 10000) in paragraph at lines 423--424
[]\T1/txtt/m/n/12 fbc \T1/qtm/m/n/12 (\T1/qtm/m/it/12 cbmpy.CBXML.FBCconnect at
-tribute\T1/qtm/m/n/12 ),
 []


Underfull \hbox (badness 10000) in paragraph at lines 425--426
[]\T1/txtt/m/n/12 fbcstrict \T1/qtm/m/n/12 (\T1/qtm/m/it/12 cbmpy.CBXML.FBCconn
ect
 []


Underfull \hbox (badness 10000) in paragraph at lines 427--428
[]\T1/txtt/m/n/12 fetchAll() \T1/qtm/m/n/12 (\T1/qtm/m/it/12 cbmpy.CBNetDB.DBTo
ols
 []


Underfull \hbox (badness 10000) in paragraph at lines 428--429
[]\T1/txtt/m/n/12 fetchSeqfromKeGG()
 []


Package fancyhdr Warning: \headheight is too small (12.0pt): 
(fancyhdr)                Make it at least 14.49998pt, for example:
(fancyhdr)                \setlength{\headheight}{14.49998pt}.
(fancyhdr)                You might also make \topmargin smaller to compensate:

(fancyhdr)                \addtolength{\topmargin}{-2.49998pt}.

[182]
Underfull \hbox (badness 10000) in paragraph at lines 429--430
[]\T1/txtt/m/n/12 findDeadEndMetabolites() \T1/qtm/m/n/12 (\T1/qtm/m/it/12 in m
od-ule
 []


Underfull \hbox (badness 10000) in paragraph at lines 430--431
[]\T1/txtt/m/n/12 findDeadEndReactions() \T1/qtm/m/n/12 (\T1/qtm/m/it/12 in mod
-ule
 []


Underfull \hbox (badness 10000) in paragraph at lines 431--433
[]\T1/txtt/m/n/12 findFluxesForConnectedSpecies()
 []


Underfull \hbox (badness 10000) in paragraph at lines 433--434
[]\T1/txtt/m/n/12 findModules()
 []


Underfull \hbox (badness 10000) in paragraph at lines 433--434
\T1/qtm/m/n/12 (\T1/qtm/m/it/12 cbmpy.fluxmodules.matroid.Matroid
 []


Underfull \hbox (badness 10000) in paragraph at lines 435--436
[]\T1/txtt/m/n/12 fixReversibility() \T1/qtm/m/n/12 (\T1/qtm/m/it/12 in mod-ule

 []


Underfull \hbox (badness 10000) in paragraph at lines 436--437
[]\T1/txtt/m/n/12 flux_bounds \T1/qtm/m/n/12 (\T1/qtm/m/it/12 cbmpy.CBModel.Mod
el at-
 []


Underfull \hbox (badness 10000) in paragraph at lines 443--444
[]\T1/txtt/m/n/12 FluxObjectiveQuadratic \T1/qtm/m/n/12 (\T1/qtm/m/it/12 class 
in
 []


Underfull \hbox (badness 10000) in paragraph at lines 445--446
[]\T1/txtt/m/n/12 fromMatrix() \T1/qtm/m/n/12 (\T1/qtm/m/it/12 in mod-ule
 []


Underfull \hbox (badness 10000) in paragraph at lines 446--448
[]\T1/txtt/m/n/12 func_getAssociationStrFromGprDict()
 []


Underfull \hbox (badness 10000) in paragraph at lines 448--450
[]\T1/txtt/m/n/12 fundamentalCircuit()
 []


Underfull \hbox (badness 10000) in paragraph at lines 448--450
\T1/qtm/m/n/12 (\T1/qtm/m/it/12 cbmpy.fluxmodules.matroid.Matroid
 []


Underfull \hbox (badness 10000) in paragraph at lines 450--452
[]\T1/txtt/m/n/12 fundamentalCircuitValues()
 []


Underfull \hbox (badness 10000) in paragraph at lines 450--452
\T1/qtm/m/n/12 (\T1/qtm/m/it/12 cbmpy.fluxmodules.matroid.Matroid
 []


Underfull \hbox (badness 10000) in paragraph at lines 454--455
[]\T1/txtt/m/n/12 fva_status \T1/qtm/m/n/12 (\T1/qtm/m/it/12 cbmpy.CBModel.Reac
tion at-
 []


Underfull \hbox (badness 10000) in paragraph at lines 459--460
[]\T1/txtt/m/n/12 GeneProteinAssociation \T1/qtm/m/n/12 (\T1/qtm/m/it/12 class 
in
 []


Underfull \hbox (badness 5504) in paragraph at lines 460--461
[]\T1/txtt/m/n/12 generateInputScanReports() \T1/qtm/m/n/12 (\T1/qtm/m/it/12 in
 mod-ule
 []


Overfull \hbox (26.20242pt too wide) in paragraph at lines 461--463
[]\T1/txtt/m/n/12 generefs \T1/qtm/m/n/12 (\T1/qtm/m/it/12 cbmpy.CBModel.GenePr
oteinAssociation
 []


Underfull \hbox (badness 10000) in paragraph at lines 465--466
[]\T1/txtt/m/n/12 get_data() \T1/qtm/m/n/12 (\T1/qtm/m/it/12 cbmpy.CBXML.MLStri
pper
 []


Underfull \hbox (badness 10000) in paragraph at lines 466--468
[]\T1/txtt/m/n/12 getActiveGenes()
 []


Overfull \hbox (13.79852pt too wide) in paragraph at lines 466--468
\T1/qtm/m/n/12 (\T1/qtm/m/it/12 cbmpy.CBModel.GeneProteinAssociation
 []


Underfull \hbox (badness 10000) in paragraph at lines 468--469
[]\T1/txtt/m/n/12 getActiveObjective()
 []


Underfull \hbox (badness 10000) in paragraph at lines 468--469
\T1/qtm/m/n/12 (\T1/qtm/m/it/12 cbmpy.CBModel.Model method\T1/qtm/m/n/12 ),
 []


Underfull \hbox (badness 10000) in paragraph at lines 469--471
[]\T1/txtt/m/n/12 getActiveObjectiveReactionIds()
 []


Underfull \hbox (badness 10000) in paragraph at lines 471--473
[]\T1/txtt/m/n/12 getActiveObjectiveStoichiometry()
 []


Underfull \hbox (badness 10000) in paragraph at lines 473--475
[]\T1/txtt/m/n/12 getAdjacent()
 []


Overfull \hbox (52.0665pt too wide) in paragraph at lines 473--475
\T1/qtm/m/n/12 (\T1/qtm/m/it/12 cbmpy.fluxmodules.decomposition.AbstractVertex
 []


Underfull \hbox (badness 10000) in paragraph at lines 475--477
[]\T1/txtt/m/n/12 getAdjacent()
 []


Overfull \hbox (2.79451pt too wide) in paragraph at lines 475--477
\T1/qtm/m/n/12 (\T1/qtm/m/it/12 cbmpy.fluxmodules.decomposition.Leaf
 []


Underfull \hbox (badness 10000) in paragraph at lines 477--479
[]\T1/txtt/m/n/12 getAdjacent()
 []


Overfull \hbox (11.81851pt too wide) in paragraph at lines 477--479
\T1/qtm/m/n/12 (\T1/qtm/m/it/12 cbmpy.fluxmodules.decomposition.Vertex
 []


Underfull \hbox (badness 10000) in paragraph at lines 479--480
[]\T1/txtt/m/n/12 getAllFluxBounds()
 []


Underfull \hbox (badness 10000) in paragraph at lines 479--480
\T1/qtm/m/n/12 (\T1/qtm/m/it/12 cbmpy.CBModel.Model method\T1/qtm/m/n/12 ),
 []


Underfull \hbox (badness 10000) in paragraph at lines 480--481
[]\T1/txtt/m/n/12 getAllGeneActivities()
 []


Underfull \hbox (badness 10000) in paragraph at lines 480--481
\T1/qtm/m/n/12 (\T1/qtm/m/it/12 cbmpy.CBModel.Model method\T1/qtm/m/n/12 ),
 []


Underfull \hbox (badness 10000) in paragraph at lines 481--483
[]\T1/txtt/m/n/12 getAllGeneProteinAssociations()
 []


Underfull \hbox (badness 10000) in paragraph at lines 483--485
[]\T1/txtt/m/n/12 getAllMIRIAMUris()
 []


Overfull \hbox (4.28252pt too wide) in paragraph at lines 483--485
\T1/qtm/m/n/12 (\T1/qtm/m/it/12 cbmpy.CBCommon.MIRIAMannotation
 []


Underfull \hbox (badness 10000) in paragraph at lines 485--486
[]\T1/txtt/m/n/12 getAllProteinActivities()
 []


Underfull \hbox (badness 10000) in paragraph at lines 485--486
\T1/qtm/m/n/12 (\T1/qtm/m/it/12 cbmpy.CBModel.Model method\T1/qtm/m/n/12 ),
 []


Package fancyhdr Warning: \headheight is too small (12.0pt): 
(fancyhdr)                Make it at least 14.49998pt, for example:
(fancyhdr)                \setlength{\headheight}{14.49998pt}.
(fancyhdr)                You might also make \topmargin smaller to compensate:

(fancyhdr)                \addtolength{\topmargin}{-2.49998pt}.

[183]
Underfull \hbox (badness 10000) in paragraph at lines 486--488
[]\T1/txtt/m/n/12 getAllProteinGeneAssociations()
 []


Underfull \hbox (badness 10000) in paragraph at lines 488--490
[]\T1/txtt/m/n/12 getAllReactionsAssociatedWithGene()
 []


Underfull \hbox (badness 10000) in paragraph at lines 490--492
[]\T1/txtt/m/n/12 getAndViewUrisForQualifier()
 []


Overfull \hbox (4.28252pt too wide) in paragraph at lines 490--492
\T1/qtm/m/n/12 (\T1/qtm/m/it/12 cbmpy.CBCommon.MIRIAMannotation
 []


Underfull \hbox (badness 10000) in paragraph at lines 492--493
[]\T1/txtt/m/n/12 getAnnotation() \T1/qtm/m/n/12 (\T1/qtm/m/it/12 cbmpy.CBModel
.Fbase
 []


Underfull \hbox (badness 10000) in paragraph at lines 493--494
[]\T1/txtt/m/n/12 getAnnotations() \T1/qtm/m/n/12 (\T1/qtm/m/it/12 cbmpy.CBMode
l.Fbase
 []


Underfull \hbox (badness 10000) in paragraph at lines 494--495
[]\T1/txtt/m/n/12 getAssociations()
 []


Underfull \hbox (badness 10000) in paragraph at lines 494--495
\T1/qtm/m/n/12 (\T1/qtm/m/it/12 cbmpy.CBModel.Parameter method\T1/qtm/m/n/12 ),

 []


Underfull \hbox (badness 10000) in paragraph at lines 495--497
[]\T1/txtt/m/n/12 getAssociationStr()
 []


Overfull \hbox (13.79852pt too wide) in paragraph at lines 495--497
\T1/qtm/m/n/12 (\T1/qtm/m/it/12 cbmpy.CBModel.GeneProteinAssociation
 []


Underfull \hbox (badness 10000) in paragraph at lines 497--498
[]\T1/txtt/m/n/12 getBoundarySpeciesIds()
 []


Underfull \hbox (badness 10000) in paragraph at lines 497--498
\T1/qtm/m/n/12 (\T1/qtm/m/it/12 cbmpy.CBModel.Model method\T1/qtm/m/n/12 ),
 []


Underfull \hbox (badness 10000) in paragraph at lines 499--500
[]\T1/txtt/m/n/12 getBoundsDict() \T1/qtm/m/n/12 (\T1/qtm/m/it/12 in mod-ule
 []


Overfull \hbox (2.38237pt too wide) in paragraph at lines 501--502
[]\T1/txtt/m/n/12 getByName() \T1/qtm/m/n/12 (\T1/qtm/m/it/12 cbmpy.CBCommon.St
ructMatrix
 []


Underfull \hbox (badness 10000) in paragraph at lines 502--503
[]\T1/txtt/m/n/12 getCell() \T1/qtm/m/n/12 (\T1/qtm/m/it/12 cbmpy.CBNetDB.DBToo
ls
 []


Underfull \hbox (badness 10000) in paragraph at lines 503--504
[]\T1/txtt/m/n/12 getCharge() \T1/qtm/m/n/12 (\T1/qtm/m/it/12 cbmpy.CBModel.Spe
cies
 []


Underfull \hbox (badness 10000) in paragraph at lines 505--507
[]\T1/txtt/m/n/12 getCoefficient()
 []


Overfull \hbox (3.39449pt too wide) in paragraph at lines 505--507
\T1/qtm/m/n/12 (\T1/qtm/m/it/12 cbmpy.CBModel.ConstraintComponent
 []


Underfull \hbox (badness 10000) in paragraph at lines 507--508
[]\T1/txtt/m/n/12 getCoefficient()
 []


Underfull \hbox (badness 10000) in paragraph at lines 507--508
\T1/qtm/m/n/12 (\T1/qtm/m/it/12 cbmpy.CBModel.FluxObjective
 []


Underfull \hbox (badness 10000) in paragraph at lines 508--510
[]\T1/txtt/m/n/12 getCoefficient()
 []


Overfull \hbox (13.7865pt too wide) in paragraph at lines 508--510
\T1/qtm/m/n/12 (\T1/qtm/m/it/12 cbmpy.CBModel.FluxObjectiveQuadratic
 []


Overfull \hbox (30.72641pt too wide) in paragraph at lines 511--513
[]\T1/txtt/m/n/12 getCol() \T1/qtm/m/n/12 (\T1/qtm/m/it/12 cbmpy.fluxmodules.sp
arserationals.Matrix
 []


Underfull \hbox (badness 10000) in paragraph at lines 513--514
[]\T1/txtt/m/n/12 getColsByIdx()
 []


Underfull \hbox (badness 10000) in paragraph at lines 513--514
\T1/qtm/m/n/12 (\T1/qtm/m/it/12 cbmpy.CBCommon.StructMatrix
 []


Underfull \hbox (badness 10000) in paragraph at lines 514--515
[]\T1/txtt/m/n/12 getColsByName()
 []


Underfull \hbox (badness 10000) in paragraph at lines 514--515
\T1/qtm/m/n/12 (\T1/qtm/m/it/12 cbmpy.CBCommon.StructMatrix
 []


Underfull \hbox (badness 10000) in paragraph at lines 515--516
[]\T1/txtt/m/n/12 getColumns() \T1/qtm/m/n/12 (\T1/qtm/m/it/12 cbmpy.CBNetDB.DB
Tools
 []


Underfull \hbox (badness 10000) in paragraph at lines 516--517
[]\T1/txtt/m/n/12 getCompartment() \T1/qtm/m/n/12 (\T1/qtm/m/it/12 cbmpy.CBMode
l.Model
 []


Underfull \hbox (badness 10000) in paragraph at lines 517--518
[]\T1/txtt/m/n/12 getCompartmentId()
 []


Underfull \hbox (badness 10000) in paragraph at lines 517--518
\T1/qtm/m/n/12 (\T1/qtm/m/it/12 cbmpy.CBModel.Fbase method\T1/qtm/m/n/12 ),
 []


Underfull \hbox (badness 10000) in paragraph at lines 518--519
[]\T1/txtt/m/n/12 getCompartmentIds()
 []


Underfull \hbox (badness 10000) in paragraph at lines 518--519
\T1/qtm/m/n/12 (\T1/qtm/m/it/12 cbmpy.CBModel.Model method\T1/qtm/m/n/12 ),
 []


Underfull \hbox (badness 10000) in paragraph at lines 519--520
[]\T1/txtt/m/n/12 getCompartmentObjects()
 []


Underfull \hbox (badness 10000) in paragraph at lines 519--520
\T1/qtm/m/n/12 (\T1/qtm/m/it/12 cbmpy.CBModel.Model method\T1/qtm/m/n/12 ),
 []


Underfull \hbox (badness 10000) in paragraph at lines 520--522
[]\T1/txtt/m/n/12 getConstraintComponent()
 []


Overfull \hbox (8.7105pt too wide) in paragraph at lines 520--522
\T1/qtm/m/n/12 (\T1/qtm/m/it/12 cbmpy.CBModel.UserDefinedConstraint
 []


Underfull \hbox (badness 10000) in paragraph at lines 522--524
[]\T1/txtt/m/n/12 getConstraintComponentData()
 []


Overfull \hbox (8.7105pt too wide) in paragraph at lines 522--524
\T1/qtm/m/n/12 (\T1/qtm/m/it/12 cbmpy.CBModel.UserDefinedConstraint
 []


Underfull \hbox (badness 10000) in paragraph at lines 524--526
[]\T1/txtt/m/n/12 getConstraintComponentForVariable()
 []


Overfull \hbox (8.7105pt too wide) in paragraph at lines 524--526
\T1/qtm/m/n/12 (\T1/qtm/m/it/12 cbmpy.CBModel.UserDefinedConstraint
 []


Underfull \hbox (badness 10000) in paragraph at lines 526--528
[]\T1/txtt/m/n/12 getConstraintComponentIDs()
 []


Overfull \hbox (8.7105pt too wide) in paragraph at lines 526--528
\T1/qtm/m/n/12 (\T1/qtm/m/it/12 cbmpy.CBModel.UserDefinedConstraint
 []


Underfull \hbox (badness 10000) in paragraph at lines 528--530
[]\T1/txtt/m/n/12 getConstraintComponents()
 []


Overfull \hbox (8.7105pt too wide) in paragraph at lines 528--530
\T1/qtm/m/n/12 (\T1/qtm/m/it/12 cbmpy.CBModel.UserDefinedConstraint
 []


Underfull \hbox (badness 10000) in paragraph at lines 530--532
[]\T1/txtt/m/n/12 getConstraintComponentVariables()
 []


Overfull \hbox (8.7105pt too wide) in paragraph at lines 530--532
\T1/qtm/m/n/12 (\T1/qtm/m/it/12 cbmpy.CBModel.UserDefinedConstraint
 []


Overfull \hbox (3.22205pt too wide) in paragraph at lines 532--534
[]\T1/txtt/m/n/12 getConstraintComponentVariableTypes()
 []


Overfull \hbox (8.7105pt too wide) in paragraph at lines 532--534
\T1/qtm/m/n/12 (\T1/qtm/m/it/12 cbmpy.CBModel.UserDefinedConstraint
 []


Overfull \hbox (3.78639pt too wide) in paragraph at lines 534--535
[]\T1/txtt/m/n/12 getCopy() \T1/qtm/m/n/12 (\T1/qtm/m/it/12 cbmpy.CBCommon.Stru
ctMatrixLP
 []


Package fancyhdr Warning: \headheight is too small (12.0pt): 
(fancyhdr)                Make it at least 14.49998pt, for example:
(fancyhdr)                \setlength{\headheight}{14.49998pt}.
(fancyhdr)                You might also make \topmargin smaller to compensate:

(fancyhdr)                \addtolength{\topmargin}{-2.49998pt}.

[184]
Underfull \hbox (badness 10000) in paragraph at lines 535--536
[]\T1/txtt/m/n/12 getDescription() \T1/qtm/m/n/12 (\T1/qtm/m/it/12 cbmpy.CBMode
l.Model
 []


Underfull \hbox (badness 10000) in paragraph at lines 536--537
[]\T1/txtt/m/n/12 getDimensions()
 []


Underfull \hbox (badness 10000) in paragraph at lines 536--537
\T1/qtm/m/n/12 (\T1/qtm/m/it/12 cbmpy.CBModel.Compartment
 []


Underfull \hbox (badness 10000) in paragraph at lines 537--538
[]\T1/txtt/m/n/12 getEquation() \T1/qtm/m/n/12 (\T1/qtm/m/it/12 cbmpy.CBModel.R
eaction
 []


Underfull \hbox (badness 10000) in paragraph at lines 538--539
[]\T1/txtt/m/n/12 getExchangeReactionIds()
 []


Underfull \hbox (badness 10000) in paragraph at lines 538--539
\T1/qtm/m/n/12 (\T1/qtm/m/it/12 cbmpy.CBModel.Model method\T1/qtm/m/n/12 ),
 []


Underfull \hbox (badness 10000) in paragraph at lines 539--540
[]\T1/txtt/m/n/12 getExchangeReactions()
 []


Underfull \hbox (badness 10000) in paragraph at lines 539--540
\T1/qtm/m/n/12 (\T1/qtm/m/it/12 cbmpy.CBModel.Model method\T1/qtm/m/n/12 ),
 []


Underfull \hbox (badness 10000) in paragraph at lines 540--541
[]\T1/txtt/m/n/12 getExchBoundsDict() \T1/qtm/m/n/12 (\T1/qtm/m/it/12 in mod-ul
e
 []


Underfull \hbox (badness 10000) in paragraph at lines 541--542
[]\T1/txtt/m/n/12 getFluxBoundByID()
 []


Underfull \hbox (badness 10000) in paragraph at lines 541--542
\T1/qtm/m/n/12 (\T1/qtm/m/it/12 cbmpy.CBModel.Model method\T1/qtm/m/n/12 ),
 []


Underfull \hbox (badness 10000) in paragraph at lines 542--543
[]\T1/txtt/m/n/12 getFluxBoundByReactionID()
 []


Underfull \hbox (badness 10000) in paragraph at lines 542--543
\T1/qtm/m/n/12 (\T1/qtm/m/it/12 cbmpy.CBModel.Model method\T1/qtm/m/n/12 ),
 []


Underfull \hbox (badness 10000) in paragraph at lines 544--545
[]\T1/txtt/m/n/12 getFluxBoundsByReactionID()
 []


Underfull \hbox (badness 10000) in paragraph at lines 544--545
\T1/qtm/m/n/12 (\T1/qtm/m/it/12 cbmpy.CBModel.Model method\T1/qtm/m/n/12 ),
 []


Overfull \hbox (3.22205pt too wide) in paragraph at lines 545--547
[]\T1/txtt/m/n/12 getFluxesAssociatedWithCompartments()
 []


Underfull \hbox (badness 10000) in paragraph at lines 547--549
[]\T1/txtt/m/n/12 getFluxesAssociatedWithSpecies()
 []


Underfull \hbox (badness 10000) in paragraph at lines 549--550
[]\T1/txtt/m/n/12 getFluxObjective()
 []


Underfull \hbox (badness 10000) in paragraph at lines 549--550
\T1/qtm/m/n/12 (\T1/qtm/m/it/12 cbmpy.CBModel.Objective method\T1/qtm/m/n/12 ),

 []


Underfull \hbox (badness 10000) in paragraph at lines 550--551
[]\T1/txtt/m/n/12 getFluxObjectiveData()
 []


Underfull \hbox (badness 10000) in paragraph at lines 550--551
\T1/qtm/m/n/12 (\T1/qtm/m/it/12 cbmpy.CBModel.Objective method\T1/qtm/m/n/12 ),

 []


Underfull \hbox (badness 10000) in paragraph at lines 551--553
[]\T1/txtt/m/n/12 getFluxObjectiveForReaction()
 []


Underfull \hbox (badness 10000) in paragraph at lines 551--553
\T1/qtm/m/n/12 (\T1/qtm/m/it/12 cbmpy.CBModel.Objective method\T1/qtm/m/n/12 ),

 []


Underfull \hbox (badness 10000) in paragraph at lines 553--554
[]\T1/txtt/m/n/12 getFluxObjectiveIDs()
 []


Underfull \hbox (badness 10000) in paragraph at lines 553--554
\T1/qtm/m/n/12 (\T1/qtm/m/it/12 cbmpy.CBModel.Objective method\T1/qtm/m/n/12 ),

 []


Underfull \hbox (badness 10000) in paragraph at lines 554--556
[]\T1/txtt/m/n/12 getFluxObjectiveReactions()
 []


Underfull \hbox (badness 10000) in paragraph at lines 554--556
\T1/qtm/m/n/12 (\T1/qtm/m/it/12 cbmpy.CBModel.Objective method\T1/qtm/m/n/12 ),

 []


Underfull \hbox (badness 10000) in paragraph at lines 556--557
[]\T1/txtt/m/n/12 getFluxObjectives()
 []


Underfull \hbox (badness 10000) in paragraph at lines 556--557
\T1/qtm/m/n/12 (\T1/qtm/m/it/12 cbmpy.CBModel.Objective method\T1/qtm/m/n/12 ),

 []


Underfull \hbox (badness 10000) in paragraph at lines 557--558
[]\T1/txtt/m/n/12 getFVAdata() \T1/qtm/m/n/12 (\T1/qtm/m/it/12 cbmpy.CBModel.Re
action
 []


Overfull \hbox (32.50241pt too wide) in paragraph at lines 558--559
[]\T1/txtt/m/n/12 getGene() \T1/qtm/m/n/12 (\T1/qtm/m/it/12 cbmpy.CBModel.GeneP
roteinAssociation
 []


Underfull \hbox (badness 10000) in paragraph at lines 560--561
[]\T1/txtt/m/n/12 getGeneByLabel() \T1/qtm/m/n/12 (\T1/qtm/m/it/12 cbmpy.CBMode
l.Model
 []


Underfull \hbox (badness 10000) in paragraph at lines 561--562
[]\T1/txtt/m/n/12 getGeneIdFromLabel()
 []


Underfull \hbox (badness 10000) in paragraph at lines 561--562
\T1/qtm/m/n/12 (\T1/qtm/m/it/12 cbmpy.CBModel.Model method\T1/qtm/m/n/12 ),
 []


Overfull \hbox (51.40237pt too wide) in paragraph at lines 562--564
[]\T1/txtt/m/n/12 getGeneIds() \T1/qtm/m/n/12 (\T1/qtm/m/it/12 cbmpy.CBModel.Ge
neProteinAssociation
 []


Underfull \hbox (badness 10000) in paragraph at lines 564--565
[]\T1/txtt/m/n/12 getGeneIds() \T1/qtm/m/n/12 (\T1/qtm/m/it/12 cbmpy.CBModel.Mo
del
 []


Underfull \hbox (badness 10000) in paragraph at lines 565--567
[]\T1/txtt/m/n/12 getGeneLabels()
 []


Overfull \hbox (13.79852pt too wide) in paragraph at lines 565--567
\T1/qtm/m/n/12 (\T1/qtm/m/it/12 cbmpy.CBModel.GeneProteinAssociation
 []


Underfull \hbox (badness 10000) in paragraph at lines 567--568
[]\T1/txtt/m/n/12 getGeneLabels() \T1/qtm/m/n/12 (\T1/qtm/m/it/12 cbmpy.CBModel
.Model
 []


Underfull \hbox (badness 10000) in paragraph at lines 568--569
[]\T1/txtt/m/n/12 getGeneObjects() \T1/qtm/m/n/12 (\T1/qtm/m/it/12 cbmpy.CBMode
l.Model
 []


Underfull \hbox (badness 10000) in paragraph at lines 569--570
[]\T1/txtt/m/n/12 getGeneObjectsByLabel()
 []


Underfull \hbox (badness 10000) in paragraph at lines 569--570
\T1/qtm/m/n/12 (\T1/qtm/m/it/12 cbmpy.CBModel.Model method\T1/qtm/m/n/12 ),
 []


Overfull \hbox (38.8024pt too wide) in paragraph at lines 570--571
[]\T1/txtt/m/n/12 getGenes() \T1/qtm/m/n/12 (\T1/qtm/m/it/12 cbmpy.CBModel.Gene
ProteinAssociation
 []


Underfull \hbox (badness 10000) in paragraph at lines 571--572
[]\T1/txtt/m/n/12 getGPRasDictFromString() \T1/qtm/m/n/12 (\T1/qtm/m/it/12 in m
od-ule
 []


Underfull \hbox (badness 10000) in paragraph at lines 572--573
[]\T1/txtt/m/n/12 getGPRassociation()
 []


Underfull \hbox (badness 10000) in paragraph at lines 572--573
\T1/qtm/m/n/12 (\T1/qtm/m/it/12 cbmpy.CBModel.Model method\T1/qtm/m/n/12 ),
 []


Underfull \hbox (badness 10000) in paragraph at lines 573--575
[]\T1/txtt/m/n/12 getGPRassociationString()
 []


Underfull \hbox (badness 10000) in paragraph at lines 575--576
[]\T1/txtt/m/n/12 getGPRforReaction()
 []


Underfull \hbox (badness 10000) in paragraph at lines 575--576
\T1/qtm/m/n/12 (\T1/qtm/m/it/12 cbmpy.CBModel.Model method\T1/qtm/m/n/12 ),
 []


Underfull \hbox (badness 10000) in paragraph at lines 576--577
[]\T1/txtt/m/n/12 getGPRforReactionAsDict()
 []


Underfull \hbox (badness 10000) in paragraph at lines 576--577
\T1/qtm/m/n/12 (\T1/qtm/m/it/12 cbmpy.CBModel.Model method\T1/qtm/m/n/12 ),
 []


Underfull \hbox (badness 10000) in paragraph at lines 577--579
[]\T1/txtt/m/n/12 getGPRIdAssociatedWithGeneId()
 []


Underfull \hbox (badness 10000) in paragraph at lines 577--579
\T1/qtm/m/n/12 (\T1/qtm/m/it/12 cbmpy.CBModel.Model method\T1/qtm/m/n/12 ),
 []


Package fancyhdr Warning: \headheight is too small (12.0pt): 
(fancyhdr)                Make it at least 14.49998pt, for example:
(fancyhdr)                \setlength{\headheight}{14.49998pt}.
(fancyhdr)                You might also make \topmargin smaller to compensate:

(fancyhdr)                \addtolength{\topmargin}{-2.49998pt}.

[185]
Underfull \hbox (badness 10000) in paragraph at lines 579--581
[]\T1/txtt/m/n/12 getGPRIdAssociatedWithGeneLabel()
 []


Underfull \hbox (badness 10000) in paragraph at lines 581--582
[]\T1/txtt/m/n/12 getGPRIds() \T1/qtm/m/n/12 (\T1/qtm/m/it/12 cbmpy.CBModel.Mod
el
 []


Underfull \hbox (badness 10000) in paragraph at lines 582--583
[]\T1/txtt/m/n/12 getGPRObjects() \T1/qtm/m/n/12 (\T1/qtm/m/it/12 cbmpy.CBModel
.Model
 []


Underfull \hbox (badness 10000) in paragraph at lines 584--585
[]\T1/txtt/m/n/12 getGroupIds() \T1/qtm/m/n/12 (\T1/qtm/m/it/12 cbmpy.CBModel.M
odel
 []


Underfull \hbox (badness 10000) in paragraph at lines 585--586
[]\T1/txtt/m/n/12 getGroupMembership()
 []


Underfull \hbox (badness 10000) in paragraph at lines 585--586
\T1/qtm/m/n/12 (\T1/qtm/m/it/12 cbmpy.CBModel.Model method\T1/qtm/m/n/12 ),
 []


Underfull \hbox (badness 10000) in paragraph at lines 586--587
[]\T1/txtt/m/n/12 getGroupNames() \T1/qtm/m/n/12 (\T1/qtm/m/it/12 cbmpy.CBModel
.Model
 []


Overfull \hbox (8.68236pt too wide) in paragraph at lines 588--589
[]\T1/txtt/m/n/12 getIndexes() \T1/qtm/m/n/12 (\T1/qtm/m/it/12 cbmpy.CBCommon.S
tructMatrix
 []


Underfull \hbox (badness 10000) in paragraph at lines 589--591
[]\T1/txtt/m/n/12 getInterface()
 []


Underfull \hbox (badness 10000) in paragraph at lines 589--591
\T1/qtm/m/n/12 (\T1/qtm/m/it/12 cbmpy.fluxmodules.matroid.Matroid
 []


Underfull \hbox (badness 10000) in paragraph at lines 591--593
[]\T1/txtt/m/n/12 getIrreversibleReactionIds()
 []


Underfull \hbox (badness 10000) in paragraph at lines 591--593
\T1/qtm/m/n/12 (\T1/qtm/m/it/12 cbmpy.CBModel.Model method\T1/qtm/m/n/12 ),
 []


Overfull \hbox (2.38237pt too wide) in paragraph at lines 595--596
[]\T1/txtt/m/n/12 getLabels() \T1/qtm/m/n/12 (\T1/qtm/m/it/12 cbmpy.CBCommon.St
ructMatrix
 []


Overfull \hbox (22.68636pt too wide) in paragraph at lines 596--597
[]\T1/txtt/m/n/12 getLandRHS() \T1/qtm/m/n/12 (\T1/qtm/m/it/12 cbmpy.CBCommon.S
tructMatrixLP
 []


Overfull \hbox (83.37036pt too wide) in paragraph at lines 597--599
[]\T1/txtt/m/n/12 getLeaves() \T1/qtm/m/n/12 (\T1/qtm/m/it/12 cbmpy.fluxmodules
.decomposition.AbstractVertex
 []


Overfull \hbox (34.09837pt too wide) in paragraph at lines 599--601
[]\T1/txtt/m/n/12 getLeaves() \T1/qtm/m/n/12 (\T1/qtm/m/it/12 cbmpy.fluxmodules
.decomposition.Leaf
 []


Overfull \hbox (43.12238pt too wide) in paragraph at lines 601--603
[]\T1/txtt/m/n/12 getLeaves() \T1/qtm/m/n/12 (\T1/qtm/m/it/12 cbmpy.fluxmodules
.decomposition.Vertex
 []


Underfull \hbox (badness 10000) in paragraph at lines 603--605
[]\T1/txtt/m/n/12 getLinearFluxObjectives()
 []


Underfull \hbox (badness 10000) in paragraph at lines 603--605
\T1/qtm/m/n/12 (\T1/qtm/m/it/12 cbmpy.CBModel.Objective method\T1/qtm/m/n/12 ),

 []


Underfull \hbox (badness 10000) in paragraph at lines 605--606
[]\T1/txtt/m/n/12 GetLog() \T1/qtm/m/n/12 (\T1/qtm/m/it/12 cbmpy.CBNetDB.RESTCl
ient
 []


Underfull \hbox (badness 10000) in paragraph at lines 607--608
[]\T1/txtt/m/n/12 getLowerBound()
 []


Underfull \hbox (badness 10000) in paragraph at lines 607--608
\T1/qtm/m/n/12 (\T1/qtm/m/it/12 cbmpy.CBModel.ReactionNew
 []


Underfull \hbox (badness 10000) in paragraph at lines 608--610
[]\T1/txtt/m/n/12 getLowerBound()
 []


Overfull \hbox (8.7105pt too wide) in paragraph at lines 608--610
\T1/qtm/m/n/12 (\T1/qtm/m/it/12 cbmpy.CBModel.UserDefinedConstraint
 []


Underfull \hbox (badness 10000) in paragraph at lines 610--611
[]\T1/txtt/m/n/12 getMember() \T1/qtm/m/n/12 (\T1/qtm/m/it/12 cbmpy.CBModel.Gro
up
 []


Underfull \hbox (badness 10000) in paragraph at lines 611--612
[]\T1/txtt/m/n/12 getMemberIDs() \T1/qtm/m/n/12 (\T1/qtm/m/it/12 cbmpy.CBModel.
Group
 []


Underfull \hbox (badness 10000) in paragraph at lines 612--613
[]\T1/txtt/m/n/12 getMembers() \T1/qtm/m/n/12 (\T1/qtm/m/it/12 cbmpy.CBModel.Gr
oup
 []


Underfull \hbox (badness 10000) in paragraph at lines 613--614
[]\T1/txtt/m/n/12 getMetaId() \T1/qtm/m/n/12 (\T1/qtm/m/it/12 cbmpy.CBModel.Fba
se
 []


Underfull \hbox (badness 10000) in paragraph at lines 614--615
[]\T1/txtt/m/n/12 getMIRIAMannotations()
 []


Underfull \hbox (badness 10000) in paragraph at lines 614--615
\T1/qtm/m/n/12 (\T1/qtm/m/it/12 cbmpy.CBModel.Fbase method\T1/qtm/m/n/12 ),
 []


Underfull \hbox (badness 10000) in paragraph at lines 615--617
[]\T1/txtt/m/n/12 getMIRIAMUrisForQualifier()
 []


Overfull \hbox (4.28252pt too wide) in paragraph at lines 615--617
\T1/qtm/m/n/12 (\T1/qtm/m/it/12 cbmpy.CBCommon.MIRIAMannotation
 []


Underfull \hbox (badness 10000) in paragraph at lines 619--620
[]\T1/txtt/m/n/12 getModelCreators()
 []


Underfull \hbox (badness 10000) in paragraph at lines 619--620
\T1/qtm/m/n/12 (\T1/qtm/m/it/12 cbmpy.CBModel.Model method\T1/qtm/m/n/12 ),
 []


Underfull \hbox (badness 5504) in paragraph at lines 620--621
[]\T1/txtt/m/n/12 getModelGenesPerReaction() \T1/qtm/m/n/12 (\T1/qtm/m/it/12 in
 mod-ule
 []


Underfull \hbox (badness 10000) in paragraph at lines 623--624
[]\T1/txtt/m/n/12 getObject() \T1/qtm/m/n/12 (\T1/qtm/m/it/12 cbmpy.CBModel.Mod
el
 []


Underfull \hbox (badness 6526) in paragraph at lines 626--627
[]\T1/txtt/m/n/12 getOperation() \T1/qtm/m/n/12 (\T1/qtm/m/it/12 cbmpy.CBModel.
Objective
 []


Underfull \hbox (badness 10000) in paragraph at lines 627--629
[]\T1/txtt/m/n/12 getOperatorbyIdx()
 []


Underfull \hbox (badness 10000) in paragraph at lines 627--629
\T1/qtm/m/n/12 (\T1/qtm/m/it/12 cbmpy.CBCommon.StructMatrixLP
 []


Package fancyhdr Warning: \headheight is too small (12.0pt): 
(fancyhdr)                Make it at least 14.49998pt, for example:
(fancyhdr)                \setlength{\headheight}{14.49998pt}.
(fancyhdr)                You might also make \topmargin smaller to compensate:

(fancyhdr)                \addtolength{\topmargin}{-2.49998pt}.

[186]
Underfull \hbox (badness 10000) in paragraph at lines 629--631
[]\T1/txtt/m/n/12 getOperatorbyName()
 []


Underfull \hbox (badness 10000) in paragraph at lines 629--631
\T1/qtm/m/n/12 (\T1/qtm/m/it/12 cbmpy.CBCommon.StructMatrixLP
 []


Overfull \hbox (30.58238pt too wide) in paragraph at lines 632--633
[]\T1/txtt/m/n/12 getOther() \T1/qtm/m/n/12 (\T1/qtm/m/it/12 cbmpy.fluxmodules.
decomposition.Edge
 []


Underfull \hbox (badness 10000) in paragraph at lines 633--634
[]\T1/txtt/m/n/12 getParameter() \T1/qtm/m/n/12 (\T1/qtm/m/it/12 cbmpy.CBModel.
Model
 []


Underfull \hbox (badness 10000) in paragraph at lines 634--636
[]\T1/txtt/m/n/12 getPeptideLengthsFromDB()
 []


Underfull \hbox (badness 10000) in paragraph at lines 634--636
\T1/qtm/m/n/12 (\T1/qtm/m/it/12 cbmpy.CBNetDB.KeGGSequenceTools
 []


Overfull \hbox (51.40237pt too wide) in paragraph at lines 638--640
[]\T1/txtt/m/n/12 getProtein() \T1/qtm/m/n/12 (\T1/qtm/m/it/12 cbmpy.CBModel.Ge
neProteinAssociation
 []


Overfull \hbox (3.22205pt too wide) in paragraph at lines 640--642
[]\T1/txtt/m/n/12 getQuadraticBivariateFluxObjectives()
 []


Underfull \hbox (badness 10000) in paragraph at lines 640--642
\T1/qtm/m/n/12 (\T1/qtm/m/it/12 cbmpy.CBModel.Objective method\T1/qtm/m/n/12 ),

 []


Underfull \hbox (badness 10000) in paragraph at lines 642--644
[]\T1/txtt/m/n/12 getQuadraticFluxObjectives()
 []


Underfull \hbox (badness 10000) in paragraph at lines 642--644
\T1/qtm/m/n/12 (\T1/qtm/m/it/12 cbmpy.CBModel.Objective method\T1/qtm/m/n/12 ),

 []


Underfull \hbox (badness 10000) in paragraph at lines 644--645
[]\T1/txtt/m/n/12 getReaction() \T1/qtm/m/n/12 (\T1/qtm/m/it/12 cbmpy.CBModel.M
odel
 []


Underfull \hbox (badness 10000) in paragraph at lines 645--646
[]\T1/txtt/m/n/12 getReactionActivity()
 []


Underfull \hbox (badness 10000) in paragraph at lines 645--646
\T1/qtm/m/n/12 (\T1/qtm/m/it/12 cbmpy.CBModel.Model method\T1/qtm/m/n/12 ),
 []


Underfull \hbox (badness 10000) in paragraph at lines 646--647
[]\T1/txtt/m/n/12 getReactionBounds()
 []


Underfull \hbox (badness 10000) in paragraph at lines 646--647
\T1/qtm/m/n/12 (\T1/qtm/m/it/12 cbmpy.CBModel.Model method\T1/qtm/m/n/12 ),
 []


Underfull \hbox (badness 10000) in paragraph at lines 647--648
[]\T1/txtt/m/n/12 getReactionId()
 []


Underfull \hbox (badness 10000) in paragraph at lines 648--649
[]\T1/txtt/m/n/12 getReactionId()
 []


Underfull \hbox (badness 10000) in paragraph at lines 648--649
\T1/qtm/m/n/12 (\T1/qtm/m/it/12 cbmpy.CBModel.FluxBoundBase
 []


Underfull \hbox (badness 10000) in paragraph at lines 649--650
[]\T1/txtt/m/n/12 getReactionId()
 []


Underfull \hbox (badness 10000) in paragraph at lines 649--650
\T1/qtm/m/n/12 (\T1/qtm/m/it/12 cbmpy.CBModel.FluxObjective
 []


Underfull \hbox (badness 10000) in paragraph at lines 650--652
[]\T1/txtt/m/n/12 getReactionId()
 []


Overfull \hbox (13.7865pt too wide) in paragraph at lines 650--652
\T1/qtm/m/n/12 (\T1/qtm/m/it/12 cbmpy.CBModel.FluxObjectiveQuadratic
 []


Underfull \hbox (badness 10000) in paragraph at lines 652--654
[]\T1/txtt/m/n/12 getReactionId2()
 []


Overfull \hbox (13.7865pt too wide) in paragraph at lines 652--654
\T1/qtm/m/n/12 (\T1/qtm/m/it/12 cbmpy.CBModel.FluxObjectiveQuadratic
 []


Underfull \hbox (badness 10000) in paragraph at lines 654--656
[]\T1/txtt/m/n/12 getReactionIds()
 []


Overfull \hbox (13.7865pt too wide) in paragraph at lines 654--656
\T1/qtm/m/n/12 (\T1/qtm/m/it/12 cbmpy.CBModel.FluxObjectiveQuadratic
 []


Underfull \hbox (badness 10000) in paragraph at lines 656--657
[]\T1/txtt/m/n/12 getReactionIds() \T1/qtm/m/n/12 (\T1/qtm/m/it/12 cbmpy.CBMode
l.Model
 []


Overfull \hbox (3.22205pt too wide) in paragraph at lines 657--659
[]\T1/txtt/m/n/12 getReactionIdsAssociatedWithSpecies()
 []


Underfull \hbox (badness 10000) in paragraph at lines 659--660
[]\T1/txtt/m/n/12 getReactionLowerBound()
 []


Underfull \hbox (badness 10000) in paragraph at lines 659--660
\T1/qtm/m/n/12 (\T1/qtm/m/it/12 cbmpy.CBModel.Model method\T1/qtm/m/n/12 ),
 []


Underfull \hbox (badness 10000) in paragraph at lines 660--661
[]\T1/txtt/m/n/12 getReactionNames()
 []


Underfull \hbox (badness 10000) in paragraph at lines 660--661
\T1/qtm/m/n/12 (\T1/qtm/m/it/12 cbmpy.CBModel.Model method\T1/qtm/m/n/12 ),
 []


Underfull \hbox (badness 10000) in paragraph at lines 661--662
[]\T1/txtt/m/n/12 getReactionObjects()
 []


Underfull \hbox (badness 10000) in paragraph at lines 661--662
\T1/qtm/m/n/12 (\T1/qtm/m/it/12 cbmpy.CBModel.Model method\T1/qtm/m/n/12 ),
 []


Underfull \hbox (badness 10000) in paragraph at lines 662--663
[]\T1/txtt/m/n/12 getReactions() \T1/qtm/m/n/12 (\T1/qtm/m/it/12 in mod-ule
 []


Underfull \hbox (badness 10000) in paragraph at lines 663--664
[]\T1/txtt/m/n/12 getReactions_old_format() \T1/qtm/m/n/12 (\T1/qtm/m/it/12 in 
mod-ule
 []


Underfull \hbox (badness 10000) in paragraph at lines 664--665
[]\T1/txtt/m/n/12 getReactionsPerGene() \T1/qtm/m/n/12 (\T1/qtm/m/it/12 in mod-
ule
 []


Underfull \hbox (badness 10000) in paragraph at lines 665--666
[]\T1/txtt/m/n/12 getReactionUpperBound()
 []


Underfull \hbox (badness 10000) in paragraph at lines 665--666
\T1/qtm/m/n/12 (\T1/qtm/m/it/12 cbmpy.CBModel.Model method\T1/qtm/m/n/12 ),
 []


Underfull \hbox (badness 10000) in paragraph at lines 666--667
[]\T1/txtt/m/n/12 getReactionValues()
 []


Underfull \hbox (badness 10000) in paragraph at lines 666--667
\T1/qtm/m/n/12 (\T1/qtm/m/it/12 cbmpy.CBModel.Model method\T1/qtm/m/n/12 ),
 []


Underfull \hbox (badness 10000) in paragraph at lines 667--668
[]\T1/txtt/m/n/12 getReagent() \T1/qtm/m/n/12 (\T1/qtm/m/it/12 cbmpy.CBModel.Re
action
 []


Underfull \hbox (badness 10000) in paragraph at lines 668--669
[]\T1/txtt/m/n/12 getReagentObjIds()
 []


Underfull \hbox (badness 10000) in paragraph at lines 669--670
[]\T1/txtt/m/n/12 getReagentOf() \T1/qtm/m/n/12 (\T1/qtm/m/it/12 cbmpy.CBModel.
Species
 []


Underfull \hbox (badness 10000) in paragraph at lines 670--671
[]\T1/txtt/m/n/12 getReagentRefs()
 []


Underfull \hbox (badness 10000) in paragraph at lines 671--673
[]\T1/txtt/m/n/12 getReagentWithSpeciesRef()
 []


Underfull \hbox (badness 10000) in paragraph at lines 673--674
[]\T1/txtt/m/n/12 getReducedCosts() \T1/qtm/m/n/12 (\T1/qtm/m/it/12 in mod-ule
 []


Underfull \hbox (badness 10000) in paragraph at lines 674--675
[]\T1/txtt/m/n/12 getReversibleReactionIds()
 []


Underfull \hbox (badness 10000) in paragraph at lines 674--675
\T1/qtm/m/n/12 (\T1/qtm/m/it/12 cbmpy.CBModel.Model method\T1/qtm/m/n/12 ),
 []


Package fancyhdr Warning: \headheight is too small (12.0pt): 
(fancyhdr)                Make it at least 14.49998pt, for example:
(fancyhdr)                \setlength{\headheight}{14.49998pt}.
(fancyhdr)                You might also make \topmargin smaller to compensate:

(fancyhdr)                \addtolength{\topmargin}{-2.49998pt}.

[187]
Underfull \hbox (badness 10000) in paragraph at lines 675--676
[]\T1/txtt/m/n/12 getRHSbyIdx()
 []


Underfull \hbox (badness 10000) in paragraph at lines 675--676
\T1/qtm/m/n/12 (\T1/qtm/m/it/12 cbmpy.CBCommon.StructMatrixLP
 []


Underfull \hbox (badness 10000) in paragraph at lines 676--677
[]\T1/txtt/m/n/12 getRHSbyName()
 []


Underfull \hbox (badness 10000) in paragraph at lines 676--677
\T1/qtm/m/n/12 (\T1/qtm/m/it/12 cbmpy.CBCommon.StructMatrixLP
 []


Underfull \hbox (badness 10000) in paragraph at lines 679--680
[]\T1/txtt/m/n/12 getRowsByIdx()
 []


Underfull \hbox (badness 10000) in paragraph at lines 679--680
\T1/qtm/m/n/12 (\T1/qtm/m/it/12 cbmpy.CBCommon.StructMatrix
 []


Underfull \hbox (badness 10000) in paragraph at lines 680--681
[]\T1/txtt/m/n/12 getRowsByName()
 []


Underfull \hbox (badness 10000) in paragraph at lines 680--681
\T1/qtm/m/n/12 (\T1/qtm/m/it/12 cbmpy.CBCommon.StructMatrix
 []


Underfull \hbox (badness 10000) in paragraph at lines 681--682
[]\T1/txtt/m/n/12 getSBOterm() \T1/qtm/m/n/12 (\T1/qtm/m/it/12 cbmpy.CBModel.Fb
ase
 []


Underfull \hbox (badness 10000) in paragraph at lines 682--683
[]\T1/txtt/m/n/12 getSharedAnnotations()
 []


Underfull \hbox (badness 10000) in paragraph at lines 682--683
\T1/qtm/m/n/12 (\T1/qtm/m/it/12 cbmpy.CBModel.Group method\T1/qtm/m/n/12 ),
 []


Underfull \hbox (badness 10000) in paragraph at lines 683--685
[]\T1/txtt/m/n/12 getSharedMIRIAMannotations()
 []


Underfull \hbox (badness 10000) in paragraph at lines 683--685
\T1/qtm/m/n/12 (\T1/qtm/m/it/12 cbmpy.CBModel.Group method\T1/qtm/m/n/12 ),
 []


Underfull \hbox (badness 10000) in paragraph at lines 685--686
[]\T1/txtt/m/n/12 getSharedNotes() \T1/qtm/m/n/12 (\T1/qtm/m/it/12 cbmpy.CBMode
l.Group
 []


Underfull \hbox (badness 10000) in paragraph at lines 686--687
[]\T1/txtt/m/n/12 getSharedSBOterm()
 []


Underfull \hbox (badness 10000) in paragraph at lines 686--687
\T1/qtm/m/n/12 (\T1/qtm/m/it/12 cbmpy.CBModel.Group method\T1/qtm/m/n/12 ),
 []


Underfull \hbox (badness 10000) in paragraph at lines 687--688
[]\T1/txtt/m/n/12 getSize() \T1/qtm/m/n/12 (\T1/qtm/m/it/12 cbmpy.CBModel.Compa
rtment
 []


Underfull \hbox (badness 10000) in paragraph at lines 688--689
[]\T1/txtt/m/n/12 getSolutionVector()
 []


Underfull \hbox (badness 10000) in paragraph at lines 688--689
\T1/qtm/m/n/12 (\T1/qtm/m/it/12 cbmpy.CBModel.Model method\T1/qtm/m/n/12 ),
 []


Underfull \hbox (badness 10000) in paragraph at lines 689--690
[]\T1/txtt/m/n/12 getSpecies() \T1/qtm/m/n/12 (\T1/qtm/m/it/12 cbmpy.CBModel.Mo
del
 []


Underfull \hbox (badness 10000) in paragraph at lines 690--691
[]\T1/txtt/m/n/12 getSpecies() \T1/qtm/m/n/12 (\T1/qtm/m/it/12 cbmpy.CBModel.Re
agent
 []


Underfull \hbox (badness 10000) in paragraph at lines 692--693
[]\T1/txtt/m/n/12 getSpeciesIds() \T1/qtm/m/n/12 (\T1/qtm/m/it/12 cbmpy.CBModel
.Model
 []


Underfull \hbox (badness 10000) in paragraph at lines 695--696
[]\T1/txtt/m/n/12 getSpeciesObjects()
 []


Underfull \hbox (badness 10000) in paragraph at lines 695--696
\T1/qtm/m/n/12 (\T1/qtm/m/it/12 cbmpy.CBModel.Model method\T1/qtm/m/n/12 ),
 []


Underfull \hbox (badness 10000) in paragraph at lines 696--697
[]\T1/txtt/m/n/12 getStoichiometry()
 []


Underfull \hbox (badness 10000) in paragraph at lines 697--698
[]\T1/txtt/m/n/12 getSubstrateIds()
 []


Underfull \hbox (badness 10000) in paragraph at lines 698--699
[]\T1/txtt/m/n/12 getTable() \T1/qtm/m/n/12 (\T1/qtm/m/it/12 cbmpy.CBNetDB.DBTo
ols
 []


Overfull \hbox (32.50241pt too wide) in paragraph at lines 699--700
[]\T1/txtt/m/n/12 getTree() \T1/qtm/m/n/12 (\T1/qtm/m/it/12 cbmpy.CBModel.GeneP
roteinAssociation
 []


Underfull \hbox (badness 10000) in paragraph at lines 700--702
[]\T1/txtt/m/n/12 getTreeCopy()
 []


Overfull \hbox (13.79852pt too wide) in paragraph at lines 700--702
\T1/qtm/m/n/12 (\T1/qtm/m/it/12 cbmpy.CBModel.GeneProteinAssociation
 []


Overfull \hbox (22.09837pt too wide) in paragraph at lines 702--703
[]\T1/txtt/m/n/12 getType() \T1/qtm/m/n/12 (\T1/qtm/m/it/12 cbmpy.CBModel.Const
raintComponent
 []


Underfull \hbox (badness 10000) in paragraph at lines 703--704
[]\T1/txtt/m/n/12 getType() \T1/qtm/m/n/12 (\T1/qtm/m/it/12 cbmpy.CBModel.FluxB
ound
 []


Underfull \hbox (badness 8151) in paragraph at lines 704--705
[]\T1/txtt/m/n/12 getType() \T1/qtm/m/n/12 (\T1/qtm/m/it/12 cbmpy.CBModel.FluxB
oundBase
 []


Underfull \hbox (badness 10000) in paragraph at lines 705--706
[]\T1/txtt/m/n/12 getType() \T1/qtm/m/n/12 (\T1/qtm/m/it/12 cbmpy.CBModel.FluxO
bjective
 []


Overfull \hbox (32.49039pt too wide) in paragraph at lines 706--707
[]\T1/txtt/m/n/12 getType() \T1/qtm/m/n/12 (\T1/qtm/m/it/12 cbmpy.CBModel.FluxO
bjectiveQuadratic
 []


Underfull \hbox (badness 10000) in paragraph at lines 708--709
[]\T1/txtt/m/n/12 getUpperBound()
 []


Underfull \hbox (badness 10000) in paragraph at lines 708--709
\T1/qtm/m/n/12 (\T1/qtm/m/it/12 cbmpy.CBModel.ReactionNew
 []


Underfull \hbox (badness 10000) in paragraph at lines 709--711
[]\T1/txtt/m/n/12 getUpperBound()
 []


Overfull \hbox (8.7105pt too wide) in paragraph at lines 709--711
\T1/qtm/m/n/12 (\T1/qtm/m/it/12 cbmpy.CBModel.UserDefinedConstraint
 []


Underfull \hbox (badness 10000) in paragraph at lines 711--712
[]\T1/txtt/m/n/12 getValue() \T1/qtm/m/n/12 (\T1/qtm/m/it/12 cbmpy.CBModel.Flux
Bound
 []


Underfull \hbox (badness 10000) in paragraph at lines 713--714
[]\T1/txtt/m/n/12 getValue() \T1/qtm/m/n/12 (\T1/qtm/m/it/12 cbmpy.CBModel.Obje
ctive
 []


Underfull \hbox (badness 10000) in paragraph at lines 714--715
[]\T1/txtt/m/n/12 getValue() \T1/qtm/m/n/12 (\T1/qtm/m/it/12 cbmpy.CBModel.Para
meter
 []


Underfull \hbox (badness 10000) in paragraph at lines 715--716
[]\T1/txtt/m/n/12 getValue() \T1/qtm/m/n/12 (\T1/qtm/m/it/12 cbmpy.CBModel.Reac
tion
 []


Underfull \hbox (badness 10000) in paragraph at lines 716--717
[]\T1/txtt/m/n/12 getValue() \T1/qtm/m/n/12 (\T1/qtm/m/it/12 cbmpy.CBModel.Spec
ies
 []


Package fancyhdr Warning: \headheight is too small (12.0pt): 
(fancyhdr)                Make it at least 14.49998pt, for example:
(fancyhdr)                \setlength{\headheight}{14.49998pt}.
(fancyhdr)                You might also make \topmargin smaller to compensate:

(fancyhdr)                \addtolength{\topmargin}{-2.49998pt}.

[188]
Underfull \hbox (badness 10000) in paragraph at lines 717--718
[]\T1/txtt/m/n/12 getVariable()
 []


Overfull \hbox (3.39449pt too wide) in paragraph at lines 717--718
\T1/qtm/m/n/12 (\T1/qtm/m/it/12 cbmpy.CBModel.ConstraintComponent
 []


Underfull \hbox (badness 10000) in paragraph at lines 718--720
[]\T1/txtt/m/n/12 getVariableType()
 []


Overfull \hbox (3.39449pt too wide) in paragraph at lines 718--720
\T1/qtm/m/n/12 (\T1/qtm/m/it/12 cbmpy.CBModel.ConstraintComponent
 []


Overfull \hbox (85.42238pt too wide) in paragraph at lines 720--722
[]\T1/txtt/m/n/12 getVertex() \T1/qtm/m/n/12 (\T1/qtm/m/it/12 cbmpy.fluxmodules
.decomposition.Decomposition
 []


Overfull \hbox (79.12239pt too wide) in paragraph at lines 722--724
[]\T1/txtt/m/n/12 getWidth() \T1/qtm/m/n/12 (\T1/qtm/m/it/12 cbmpy.fluxmodules.
decomposition.Decomposition
 []


Underfull \hbox (badness 10000) in paragraph at lines 724--725
[]\T1/txtt/m/n/12 glpk_analyzeModel() \T1/qtm/m/n/12 (\T1/qtm/m/it/12 in mod-ul
e
 []


Underfull \hbox (badness 10000) in paragraph at lines 725--726
[]\T1/txtt/m/n/12 glpk_constructLPfromFBA() \T1/qtm/m/n/12 (\T1/qtm/m/it/12 in 
mod-ule
 []


Underfull \hbox (badness 10000) in paragraph at lines 726--728
[]\T1/txtt/m/n/12 glpk_FluxVariabilityAnalysis() \T1/qtm/m/n/12 (\T1/qtm/m/it/1
2 in
 []


Overfull \hbox (47.32196pt too wide) in paragraph at lines 730--732
[]\T1/txtt/m/n/12 glpk_func_SetObjectiveFunctionAsConstraint()
 []


Underfull \hbox (badness 10000) in paragraph at lines 732--733
[]\T1/txtt/m/n/12 glpk_getOptimalSolution() \T1/qtm/m/n/12 (\T1/qtm/m/it/12 in 
mod-ule
 []


Underfull \hbox (badness 10000) in paragraph at lines 733--734
[]\T1/txtt/m/n/12 glpk_getReducedCosts() \T1/qtm/m/n/12 (\T1/qtm/m/it/12 in mod
-ule
 []


Underfull \hbox (badness 10000) in paragraph at lines 734--735
[]\T1/txtt/m/n/12 glpk_getSolutionStatus() \T1/qtm/m/n/12 (\T1/qtm/m/it/12 in m
od-ule
 []


Underfull \hbox (badness 10000) in paragraph at lines 736--737
[]\T1/txtt/m/n/12 glpk_setObjective() \T1/qtm/m/n/12 (\T1/qtm/m/it/12 in mod-ul
e
 []


Underfull \hbox (badness 5504) in paragraph at lines 737--738
[]\T1/txtt/m/n/12 glpk_setSingleConstraint() \T1/qtm/m/n/12 (\T1/qtm/m/it/12 in
 mod-ule
 []


Underfull \hbox (badness 10000) in paragraph at lines 738--740
[]\T1/txtt/m/n/12 glpk_setSolutionStatusToModel() \T1/qtm/m/n/12 (\T1/qtm/m/it/
12 in
 []


Underfull \hbox (badness 10000) in paragraph at lines 744--745
[]\T1/txtt/m/n/12 groupList \T1/qtm/m/n/12 (\T1/qtm/m/it/12 cbmpy.CBXML.FBCconn
ect
 []


Underfull \hbox (badness 10000) in paragraph at lines 745--746
[]\T1/txtt/m/n/12 GroupMemberAttributes \T1/qtm/m/n/12 (\T1/qtm/m/it/12 class i
n
 []


Underfull \hbox (badness 10000) in paragraph at lines 747--748
[]\T1/txtt/m/n/12 groups \T1/qtm/m/n/12 (\T1/qtm/m/it/12 cbmpy.CBXML.FBCconnect
 at-
 []


Underfull \hbox (badness 10000) in paragraph at lines 748--749
[]\T1/txtt/m/n/12 GROUPS_AVAILABLE
 []


Underfull \hbox (badness 10000) in paragraph at lines 748--749
\T1/qtm/m/n/12 (\T1/qtm/m/it/12 cbmpy.CBXML.FBCconnect at-
 []


Underfull \hbox (badness 10000) in paragraph at lines 753--754
[]\T1/txtt/m/n/12 handle_data() \T1/qtm/m/n/12 (\T1/qtm/m/it/12 cbmpy.CBXML.MLS
tripper
 []


Underfull \hbox (badness 10000) in paragraph at lines 754--755
[]\T1/txtt/m/n/12 hasAnnotation() \T1/qtm/m/n/12 (\T1/qtm/m/it/12 cbmpy.CBModel
.Fbase
 []


Underfull \hbox (badness 10000) in paragraph at lines 755--756
[]\T1/txtt/m/n/12 hasMember() \T1/qtm/m/n/12 (\T1/qtm/m/it/12 cbmpy.CBModel.Gro
up
 []


Underfull \hbox (badness 10000) in paragraph at lines 756--757
[]\T1/txtt/m/n/12 hasObject() \T1/qtm/m/n/12 (\T1/qtm/m/it/12 cbmpy.CBModel.Mod
el
 []


Overfull \hbox (10.38643pt too wide) in paragraph at lines 757--758
[]\T1/txtt/m/n/12 hasPart \T1/qtm/m/n/12 (\T1/qtm/m/it/12 cbmpy.CBCommon.MIRIAM
annotation
 []


Overfull \hbox (35.58638pt too wide) in paragraph at lines 758--760
[]\T1/txtt/m/n/12 hasProperty \T1/qtm/m/n/12 (\T1/qtm/m/it/12 cbmpy.CBCommon.MI
RIAMannotation
 []


Overfull \hbox (16.68642pt too wide) in paragraph at lines 760--761
[]\T1/txtt/m/n/12 hasTaxon \T1/qtm/m/n/12 (\T1/qtm/m/it/12 cbmpy.CBCommon.MIRIA
Mannotation
 []


Overfull \hbox (29.28639pt too wide) in paragraph at lines 761--763
[]\T1/txtt/m/n/12 hasVersion \T1/qtm/m/n/12 (\T1/qtm/m/it/12 cbmpy.CBCommon.MIR
IAMannotation
 []


Underfull \hbox (badness 10000) in paragraph at lines 763--764
[]\T1/txtt/m/n/12 history \T1/qtm/m/n/12 (\T1/qtm/m/it/12 cbmpy.CBNetDB.RESTCli
ent at-
 []


Overfull \hbox (39.27045pt too wide) in paragraph at lines 770--772
[]\T1/txtt/m/n/12 id() \T1/qtm/m/n/12 (\T1/qtm/m/it/12 cbmpy.fluxmodules.decomp
osition.AbstractVertex
 []


Underfull \hbox (badness 10000) in paragraph at lines 772--773
[]\T1/txtt/m/n/12 importUserConstraints()
 []


Underfull \hbox (badness 10000) in paragraph at lines 772--773
\T1/qtm/m/n/12 (\T1/qtm/m/it/12 cbmpy.CBModel.Model method\T1/qtm/m/n/12 ),
 []


Underfull \hbox (badness 10000) in paragraph at lines 773--774
[]\T1/txtt/m/n/12 insertData() \T1/qtm/m/n/12 (\T1/qtm/m/it/12 cbmpy.CBNetDB.DB
Tools
 []


Underfull \hbox (badness 6001) in paragraph at lines 774--775
[]\T1/txtt/m/n/12 is_balanced \T1/qtm/m/n/12 (\T1/qtm/m/it/12 cbmpy.CBModel.Rea
ction at-
 []


Underfull \hbox (badness 10000) in paragraph at lines 775--776
[]\T1/txtt/m/n/12 is_bound \T1/qtm/m/n/12 (\T1/qtm/m/it/12 cbmpy.CBModel.FluxBo
und at-
 []


Underfull \hbox (badness 10000) in paragraph at lines 776--777
[]\T1/txtt/m/n/12 is_boundary \T1/qtm/m/n/12 (\T1/qtm/m/it/12 cbmpy.CBModel.Spe
cies at-
 []


Package fancyhdr Warning: \headheight is too small (12.0pt): 
(fancyhdr)                Make it at least 14.49998pt, for example:
(fancyhdr)                \setlength{\headheight}{14.49998pt}.
(fancyhdr)                You might also make \topmargin smaller to compensate:

(fancyhdr)                \addtolength{\topmargin}{-2.49998pt}.

[189]
Underfull \hbox (badness 6001) in paragraph at lines 777--778
[]\T1/txtt/m/n/12 is_exchange \T1/qtm/m/n/12 (\T1/qtm/m/it/12 cbmpy.CBModel.Rea
ction at-
 []


Underfull \hbox (badness 10000) in paragraph at lines 778--780
[]\T1/txtt/m/n/12 isA \T1/qtm/m/n/12 (\T1/qtm/m/it/12 cbmpy.CBCommon.MIRIAManno
tation
 []


Underfull \hbox (badness 10000) in paragraph at lines 781--783
[]\T1/txtt/m/n/12 isCoIndependent()
 []


Underfull \hbox (badness 10000) in paragraph at lines 781--783
\T1/qtm/m/n/12 (\T1/qtm/m/it/12 cbmpy.fluxmodules.matroid.Matroid
 []


Underfull \hbox (badness 10000) in paragraph at lines 783--784
[]\T1/txtt/m/n/12 isCoparallel()
 []


Underfull \hbox (badness 10000) in paragraph at lines 783--784
\T1/qtm/m/n/12 (\T1/qtm/m/it/12 cbmpy.fluxmodules.matroid.Matroid
 []


Underfull \hbox (badness 10000) in paragraph at lines 784--786
[]\T1/txtt/m/n/12 isDerivedFrom
 []


Overfull \hbox (4.28252pt too wide) in paragraph at lines 784--786
\T1/qtm/m/n/12 (\T1/qtm/m/it/12 cbmpy.CBCommon.MIRIAMannotation
 []


Underfull \hbox (badness 10000) in paragraph at lines 786--788
[]\T1/txtt/m/n/12 isDescribedBy
 []


Overfull \hbox (4.28252pt too wide) in paragraph at lines 786--788
\T1/qtm/m/n/12 (\T1/qtm/m/it/12 cbmpy.CBCommon.MIRIAMannotation
 []


Overfull \hbox (35.58638pt too wide) in paragraph at lines 788--790
[]\T1/txtt/m/n/12 isEncodedBy \T1/qtm/m/n/12 (\T1/qtm/m/it/12 cbmpy.CBCommon.MI
RIAMannotation
 []


Overfull \hbox (35.58638pt too wide) in paragraph at lines 790--792
[]\T1/txtt/m/n/12 isHomologTo \T1/qtm/m/n/12 (\T1/qtm/m/it/12 cbmpy.CBCommon.MI
RIAMannotation
 []


Underfull \hbox (badness 10000) in paragraph at lines 792--794
[]\T1/txtt/m/n/12 isIndependent()
 []


Underfull \hbox (badness 10000) in paragraph at lines 792--794
\T1/qtm/m/n/12 (\T1/qtm/m/it/12 cbmpy.fluxmodules.matroid.Matroid
 []


Overfull \hbox (25.80635pt too wide) in paragraph at lines 794--795
[]\T1/txtt/m/n/12 isParallel() \T1/qtm/m/n/12 (\T1/qtm/m/it/12 cbmpy.fluxmodule
s.matroid.Matroid
 []


Underfull \hbox (badness 10000) in paragraph at lines 795--797
[]\T1/txtt/m/n/12 isParallelSeries()
 []


Overfull \hbox (54.11852pt too wide) in paragraph at lines 795--797
\T1/qtm/m/n/12 (\T1/qtm/m/it/12 cbmpy.fluxmodules.decomposition.Decomposition
 []


Overfull \hbox (16.89041pt too wide) in paragraph at lines 797--798
[]\T1/txtt/m/n/12 isPartOf \T1/qtm/m/n/12 (\T1/qtm/m/it/12 cbmpy.CBCommon.MIRIA
Mannotation
 []


Overfull \hbox (42.09036pt too wide) in paragraph at lines 798--800
[]\T1/txtt/m/n/12 isPropertyOf \T1/qtm/m/n/12 (\T1/qtm/m/it/12 cbmpy.CBCommon.M
IRIAMannotation
 []


Underfull \hbox (badness 10000) in paragraph at lines 800--802
[]\T1/txtt/m/n/12 isProteinActive()
 []


Overfull \hbox (13.79852pt too wide) in paragraph at lines 800--802
\T1/qtm/m/n/12 (\T1/qtm/m/it/12 cbmpy.CBModel.GeneProteinAssociation
 []


Underfull \hbox (badness 10000) in paragraph at lines 802--803
[]\T1/txtt/m/n/12 isReagentOf() \T1/qtm/m/n/12 (\T1/qtm/m/it/12 cbmpy.CBModel.S
pecies
 []


Overfull \hbox (36.82239pt too wide) in paragraph at lines 803--805
[]\T1/txtt/m/n/12 isSimple() \T1/qtm/m/n/12 (\T1/qtm/m/it/12 cbmpy.fluxmodules.
decomposition.Vertex
 []


Overfull \hbox (35.79037pt too wide) in paragraph at lines 805--807
[]\T1/txtt/m/n/12 isVersionOf \T1/qtm/m/n/12 (\T1/qtm/m/it/12 cbmpy.CBCommon.MI
RIAMannotation
 []


Overfull \hbox (30.72641pt too wide) in paragraph at lines 807--809
[]\T1/txtt/m/n/12 isZero() \T1/qtm/m/n/12 (\T1/qtm/m/it/12 cbmpy.fluxmodules.sp
arserationals.Matrix
 []


Underfull \hbox (badness 10000) in paragraph at lines 813--814
[]\T1/txtt/m/n/12 Kclient \T1/qtm/m/n/12 (\T1/qtm/m/it/12 cbmpy.CBNetDB.KeGGToo
ls at-
 []


Underfull \hbox (badness 10000) in paragraph at lines 814--815
[]\T1/txtt/m/n/12 KEGG \T1/qtm/m/n/12 (\T1/qtm/m/it/12 cbmpy.CBNetDB.KeGGSequen
ceTools
 []


Underfull \hbox (badness 10000) in paragraph at lines 815--816
[]\T1/txtt/m/n/12 KeGGSequenceTools \T1/qtm/m/n/12 (\T1/qtm/m/it/12 class in
 []


Overfull \hbox (58.17041pt too wide) in paragraph at lines 822--824
[]\T1/txtt/m/n/12 label() \T1/qtm/m/n/12 (\T1/qtm/m/it/12 cbmpy.fluxmodules.dec
omposition.AbstractVertex
 []


Overfull \hbox (8.89842pt too wide) in paragraph at lines 824--825
[]\T1/txtt/m/n/12 label() \T1/qtm/m/n/12 (\T1/qtm/m/it/12 cbmpy.fluxmodules.dec
omposition.Leaf
 []


Overfull \hbox (17.92242pt too wide) in paragraph at lines 825--826
[]\T1/txtt/m/n/12 label() \T1/qtm/m/n/12 (\T1/qtm/m/it/12 cbmpy.fluxmodules.dec
omposition.Vertex
 []


Underfull \hbox (badness 10000) in paragraph at lines 828--829
[]\T1/txtt/m/n/12 Leaf \T1/qtm/m/n/12 (\T1/qtm/m/it/12 class in
 []


Underfull \hbox (badness 10000) in paragraph at lines 828--829
\T1/qtm/m/it/12 cbmpy.fluxmodules.decomposition\T1/qtm/m/n/12 ),
 []


Underfull \hbox (badness 10000) in paragraph at lines 829--830
[]\T1/txtt/m/n/12 linear_constraints
 []


Underfull \hbox (badness 10000) in paragraph at lines 829--830
\T1/qtm/m/n/12 (\T1/qtm/m/it/12 cbmpy.CBSolverX.LPBase at-tribute\T1/qtm/m/n/12
 ),
 []


Underfull \hbox (badness 10000) in paragraph at lines 830--832
[]\T1/txtt/m/n/12 listNonLeaves()
 []


Overfull \hbox (54.11852pt too wide) in paragraph at lines 830--832
\T1/qtm/m/n/12 (\T1/qtm/m/it/12 cbmpy.fluxmodules.decomposition.Decomposition
 []


Underfull \hbox (badness 10000) in paragraph at lines 832--834
[]\T1/txtt/m/n/12 listNonLeavesRec()
 []


Overfull \hbox (54.11852pt too wide) in paragraph at lines 832--834
\T1/qtm/m/n/12 (\T1/qtm/m/it/12 cbmpy.fluxmodules.decomposition.Decomposition
 []


Package fancyhdr Warning: \headheight is too small (12.0pt): 
(fancyhdr)                Make it at least 14.49998pt, for example:
(fancyhdr)                \setlength{\headheight}{14.49998pt}.
(fancyhdr)                You might also make \topmargin smaller to compensate:

(fancyhdr)                \addtolength{\topmargin}{-2.49998pt}.

[190]
Underfull \hbox (badness 10000) in paragraph at lines 847--849
[]\T1/txtt/m/n/12 makeGraphViz()
 []


Overfull \hbox (54.11852pt too wide) in paragraph at lines 847--849
\T1/qtm/m/n/12 (\T1/qtm/m/it/12 cbmpy.fluxmodules.decomposition.Decomposition
 []


Underfull \hbox (badness 10000) in paragraph at lines 849--851
[]\T1/txtt/m/n/12 makeSubcubic()
 []


Overfull \hbox (54.11852pt too wide) in paragraph at lines 849--851
\T1/qtm/m/n/12 (\T1/qtm/m/it/12 cbmpy.fluxmodules.decomposition.Decomposition
 []


Underfull \hbox (badness 10000) in paragraph at lines 851--852
[]\T1/txtt/m/n/12 Matrix \T1/qtm/m/n/12 (\T1/qtm/m/it/12 class in
 []


Underfull \hbox (badness 10000) in paragraph at lines 851--852
\T1/qtm/m/it/12 cbmpy.fluxmodules.sparserationals\T1/qtm/m/n/12 ),
 []


Overfull \hbox (22.67444pt too wide) in paragraph at lines 853--855
[]\T1/txtt/m/n/12 max() \T1/qtm/m/n/12 (\T1/qtm/m/it/12 cbmpy.fluxmodules.matro
id.SimilarityMatrix
 []


Overfull \hbox (45.57043pt too wide) in paragraph at lines 855--857
[]\T1/txtt/m/n/12 maxId \T1/qtm/m/n/12 (\T1/qtm/m/it/12 cbmpy.fluxmodules.decom
position.AbstractVertex
 []


Underfull \hbox (badness 10000) in paragraph at lines 858--859
[]\T1/txtt/m/n/12 member_ids \T1/qtm/m/n/12 (\T1/qtm/m/it/12 cbmpy.CBModel.Grou
p at-
 []


Underfull \hbox (badness 10000) in paragraph at lines 863--865
[]\T1/txtt/m/n/12 MIDS \T1/qtm/m/n/12 (\T1/qtm/m/it/12 cbmpy.CBCommon.MIRIAMann
otation
 []


Overfull \hbox (4.08644pt too wide) in paragraph at lines 865--867
[]\T1/txtt/m/n/12 MIDSlc \T1/qtm/m/n/12 (\T1/qtm/m/it/12 cbmpy.CBCommon.MIRIAMa
nnotation
 []


Underfull \hbox (badness 10000) in paragraph at lines 868--869
[]\T1/txtt/m/n/12 MinimizeSumOfAbsFluxes() \T1/qtm/m/n/12 (\T1/qtm/m/it/12 in m
od-ule
 []


Overfull \hbox (4.08545pt too wide) in paragraph at lines 870--872
[]\T1/txtt/m/n/12 MIRIAM \T1/qtm/m/n/12 (\T1/qtm/m/it/12 cbmpy.CBCommon.MIRIAMa
nnotation
 []


Underfull \hbox (badness 10000) in paragraph at lines 873--874
[]\T1/txtt/m/n/12 MIRIAMannotation \T1/qtm/m/n/12 (\T1/qtm/m/it/12 class in
 []


Underfull \hbox (badness 10000) in paragraph at lines 875--877
[]\T1/txtt/m/n/12 MiriamURN2IdentifiersURL()
 []


Underfull \hbox (badness 10000) in paragraph at lines 875--877
\T1/qtm/m/n/12 (\T1/qtm/m/it/12 cbmpy.CBNetDB.MIRIAMTools
 []


Underfull \hbox (badness 10000) in paragraph at lines 905--906
[]| \T1/txtt/m/n/12 cbmpy.fluxmodules.decomposition\T1/qtm/m/n/12 ,
 []


Overfull \hbox (1.0221pt too wide) in paragraph at lines 907--908
[]| \T1/txtt/m/n/12 cbmpy.fluxmodules.sparserationals\T1/qtm/m/n/12 ,
 []


Package fancyhdr Warning: \headheight is too small (12.0pt): 
(fancyhdr)                Make it at least 14.49998pt, for example:
(fancyhdr)                \setlength{\headheight}{14.49998pt}.
(fancyhdr)                You might also make \topmargin smaller to compensate:

(fancyhdr)                \addtolength{\topmargin}{-2.49998pt}.

[191]
Underfull \hbox (badness 10000) in paragraph at lines 919--920
[]\T1/txtt/m/n/12 numberifyComb2Int()
 []


Underfull \hbox (badness 10000) in paragraph at lines 919--920
\T1/qtm/m/n/12 (\T1/qtm/m/it/12 cbmpy.CBCommon.ComboGen
 []


Underfull \hbox (badness 10000) in paragraph at lines 925--926
[]\T1/txtt/m/n/12 objective \T1/qtm/m/n/12 (\T1/qtm/m/it/12 cbmpy.CBSolverX.LPB
ase at-
 []


Underfull \hbox (badness 10000) in paragraph at lines 928--929
[]\T1/txtt/m/n/12 objectives \T1/qtm/m/n/12 (\T1/qtm/m/it/12 cbmpy.CBModel.Mode
l at-
 []


Overfull \hbox (16.68642pt too wide) in paragraph at lines 929--930
[]\T1/txtt/m/n/12 occursIn \T1/qtm/m/n/12 (\T1/qtm/m/it/12 cbmpy.CBCommon.MIRIA
Mannotation
 []


Underfull \hbox (badness 10000) in paragraph at lines 930--931
[]\T1/txtt/m/n/12 operation \T1/qtm/m/n/12 (\T1/qtm/m/it/12 cbmpy.CBModel.FluxB
ound
 []


Underfull \hbox (badness 10000) in paragraph at lines 931--932
[]\T1/txtt/m/n/12 operation \T1/qtm/m/n/12 (\T1/qtm/m/it/12 cbmpy.CBModel.Objec
tive at-
 []


Underfull \hbox (badness 10000) in paragraph at lines 932--933
[]\T1/txtt/m/n/12 operator \T1/qtm/m/n/12 (\T1/qtm/m/it/12 cbmpy.CBModel.FluxBo
undBase
 []


Overfull \hbox (3.78639pt too wide) in paragraph at lines 933--934
[]\T1/txtt/m/n/12 operators \T1/qtm/m/n/12 (\T1/qtm/m/it/12 cbmpy.CBCommon.Stru
ctMatrixLP
 []


Overfull \hbox (13.20638pt too wide) in paragraph at lines 937--938
[]\T1/txtt/m/n/12 parallel() \T1/qtm/m/n/12 (\T1/qtm/m/it/12 cbmpy.fluxmodules.
matroid.Matroid
 []


Underfull \hbox (badness 10000) in paragraph at lines 939--940
[]\T1/txtt/m/n/12 parameter_cntr
 []


Underfull \hbox (badness 10000) in paragraph at lines 939--940
\T1/qtm/m/n/12 (\T1/qtm/m/it/12 cbmpy.CBXML.CBMtoSBML3 at-
 []


Underfull \hbox (badness 10000) in paragraph at lines 940--941
[]\T1/txtt/m/n/12 parameter_map
 []


Underfull \hbox (badness 10000) in paragraph at lines 940--941
\T1/qtm/m/n/12 (\T1/qtm/m/it/12 cbmpy.CBXML.CBMtoSBML3 at-
 []


Underfull \hbox (badness 10000) in paragraph at lines 941--942
[]\T1/txtt/m/n/12 parameters \T1/qtm/m/n/12 (\T1/qtm/m/it/12 cbmpy.CBModel.Mode
l at-
 []


Underfull \hbox (badness 10000) in paragraph at lines 942--943
[]\T1/txtt/m/n/12 parseGeneAssociation() \T1/qtm/m/n/12 (\T1/qtm/m/it/12 in mod
-ule
 []


Underfull \hbox (badness 10000) in paragraph at lines 943--944
[]\T1/txtt/m/n/12 parseReactions() \T1/qtm/m/n/12 (\T1/qtm/m/it/12 in mod-ule
 []


Underfull \hbox (badness 10000) in paragraph at lines 944--945
[]\T1/txtt/m/n/12 parseXMLtoText()
 []


Underfull \hbox (badness 10000) in paragraph at lines 944--945
\T1/qtm/m/n/12 (\T1/qtm/m/it/12 cbmpy.CBNetDB.SemanticSBML
 []


Underfull \hbox (badness 10000) in paragraph at lines 945--946
[]\T1/txtt/m/n/12 plotFluxVariability() \T1/qtm/m/n/12 (\T1/qtm/m/it/12 in mod-
ule
 []


Underfull \hbox (badness 10000) in paragraph at lines 946--948
[]\T1/txtt/m/n/12 poolmanMethod()
 []


Overfull \hbox (54.11852pt too wide) in paragraph at lines 946--948
\T1/qtm/m/n/12 (\T1/qtm/m/it/12 cbmpy.fluxmodules.decomposition.Decomposition
 []


Underfull \hbox (badness 10000) in paragraph at lines 949--950
[]\T1/txtt/m/n/12 printSolution() \T1/qtm/m/n/12 (\T1/qtm/m/it/12 in mod-ule
 []


Underfull \hbox (badness 10000) in paragraph at lines 951--952
[]\T1/txtt/m/n/12 processBiGGchemFormula() \T1/qtm/m/n/12 (\T1/qtm/m/it/12 in m
od-ule
 []


Underfull \hbox (badness 5504) in paragraph at lines 952--953
[]\T1/txtt/m/n/12 processExchangeReactions() \T1/qtm/m/n/12 (\T1/qtm/m/it/12 in
 mod-ule
 []


Overfull \hbox (9.52203pt too wide) in paragraph at lines 954--956
[]\T1/txtt/m/n/12 processSpeciesChargeChemFormulaAnnot()
 []


Overfull \hbox (19.90244pt too wide) in paragraph at lines 956--957
[]\T1/txtt/m/n/12 protein \T1/qtm/m/n/12 (\T1/qtm/m/it/12 cbmpy.CBModel.GenePro
teinAssociation
 []


Overfull \hbox (29.2854pt too wide) in paragraph at lines 961--963
[]\T1/txtt/m/n/12 QUALIFIERS \T1/qtm/m/n/12 (\T1/qtm/m/it/12 cbmpy.CBCommon.MIR
IAMannotation
 []


Underfull \hbox (badness 10000) in paragraph at lines 963--964
[]\T1/txtt/m/n/12 quickDefaultBuild() \T1/qtm/m/n/12 (\T1/qtm/m/it/12 in mod-ul
e
 []


Underfull \hbox (badness 10000) in paragraph at lines 964--965
[]\T1/txtt/m/n/12 quickLookup()
 []


Underfull \hbox (badness 10000) in paragraph at lines 964--965
\T1/qtm/m/n/12 (\T1/qtm/m/it/12 cbmpy.CBNetDB.SemanticSBML
 []


Underfull \hbox (badness 10000) in paragraph at lines 968--969
[]\T1/txtt/m/n/12 rank() \T1/qtm/m/n/12 (\T1/qtm/m/it/12 cbmpy.fluxmodules.matr
oid.Matroid
 []


Underfull \hbox (badness 10000) in paragraph at lines 969--970
[]\T1/txtt/m/n/12 reaction \T1/qtm/m/n/12 (\T1/qtm/m/it/12 cbmpy.CBModel.FluxBo
und at-
 []


Package fancyhdr Warning: \headheight is too small (12.0pt): 
(fancyhdr)                Make it at least 14.49998pt, for example:
(fancyhdr)                \setlength{\headheight}{14.49998pt}.
(fancyhdr)                You might also make \topmargin smaller to compensate:

(fancyhdr)                \addtolength{\topmargin}{-2.49998pt}.

[192]
Overfull \hbox (26.1904pt too wide) in paragraph at lines 971--973
[]\T1/txtt/m/n/12 reaction \T1/qtm/m/n/12 (\T1/qtm/m/it/12 cbmpy.CBModel.FluxOb
jectiveQuadratic
 []


Overfull \hbox (32.49039pt too wide) in paragraph at lines 974--976
[]\T1/txtt/m/n/12 reaction2 \T1/qtm/m/n/12 (\T1/qtm/m/it/12 cbmpy.CBModel.FluxO
bjectiveQuadratic
 []


Underfull \hbox (badness 10000) in paragraph at lines 978--979
[]\T1/txtt/m/n/12 reactivateReaction()
 []


Underfull \hbox (badness 10000) in paragraph at lines 979--980
[]\T1/txtt/m/n/12 reactivateReaction()
 []


Underfull \hbox (badness 10000) in paragraph at lines 979--980
\T1/qtm/m/n/12 (\T1/qtm/m/it/12 cbmpy.CBModel.ReactionNew
 []


Underfull \hbox (badness 10000) in paragraph at lines 982--983
[]\T1/txtt/m/n/12 reagent_of \T1/qtm/m/n/12 (\T1/qtm/m/it/12 cbmpy.CBModel.Spec
ies at-
 []


Underfull \hbox (badness 10000) in paragraph at lines 983--984
[]\T1/txtt/m/n/12 reagents \T1/qtm/m/n/12 (\T1/qtm/m/it/12 cbmpy.CBModel.Reacti
on at-
 []


Underfull \hbox (badness 10000) in paragraph at lines 985--987
[]\T1/txtt/m/n/12 registerObjectInGlobalStore()
 []


Underfull \hbox (badness 10000) in paragraph at lines 985--987
\T1/qtm/m/n/12 (\T1/qtm/m/it/12 cbmpy.CBModel.Model method\T1/qtm/m/n/12 ),
 []


Underfull \hbox (badness 10000) in paragraph at lines 989--991
[]\T1/txtt/m/n/12 replaceAdjacent()
 []


Overfull \hbox (52.0665pt too wide) in paragraph at lines 989--991
\T1/qtm/m/n/12 (\T1/qtm/m/it/12 cbmpy.fluxmodules.decomposition.AbstractVertex
 []


Underfull \hbox (badness 10000) in paragraph at lines 991--993
[]\T1/txtt/m/n/12 replaceAdjacent()
 []


Overfull \hbox (2.79451pt too wide) in paragraph at lines 991--993
\T1/qtm/m/n/12 (\T1/qtm/m/it/12 cbmpy.fluxmodules.decomposition.Leaf
 []


Underfull \hbox (badness 10000) in paragraph at lines 993--995
[]\T1/txtt/m/n/12 replaceAdjacent()
 []


Overfull \hbox (11.81851pt too wide) in paragraph at lines 993--995
\T1/qtm/m/n/12 (\T1/qtm/m/it/12 cbmpy.fluxmodules.decomposition.Vertex
 []


Overfull \hbox (24.42642pt too wide) in paragraph at lines 995--997
[]\T1/txtt/m/n/12 reset() \T1/qtm/m/n/12 (\T1/qtm/m/it/12 cbmpy.fluxmodules.spa
rserationals.Matrix
 []


Underfull \hbox (badness 10000) in paragraph at lines 997--998
[]\T1/txtt/m/n/12 resetActivity() \T1/qtm/m/n/12 (\T1/qtm/m/it/12 cbmpy.CBModel
.Gene
 []


Underfull \hbox (badness 10000) in paragraph at lines 998--999
[]\T1/txtt/m/n/12 resetAllGenes() \T1/qtm/m/n/12 (\T1/qtm/m/it/12 cbmpy.CBModel
.Model
 []


Underfull \hbox (badness 10000) in paragraph at lines 999--1000
[]\T1/txtt/m/n/12 resetAllInactiveGPRBounds()
 []


Underfull \hbox (badness 10000) in paragraph at lines 999--1000
\T1/qtm/m/n/12 (\T1/qtm/m/it/12 cbmpy.CBModel.Model method\T1/qtm/m/n/12 ),
 []


Underfull \hbox (badness 10000) in paragraph at lines 1001--1002
[]\T1/txtt/m/n/12 reversible \T1/qtm/m/n/12 (\T1/qtm/m/it/12 cbmpy.CBModel.Reac
tion at-
 []


Underfull \hbox (badness 10000) in paragraph at lines 1002--1003
[]\T1/txtt/m/n/12 revslice() \T1/qtm/m/n/12 (\T1/qtm/m/it/12 in mod-ule
 []


Underfull \hbox (badness 10000) in paragraph at lines 1002--1003
\T1/qtm/m/it/12 cbmpy.fluxmodules.sparserationals\T1/qtm/m/n/12 ),
 []


Underfull \hbox (badness 10000) in paragraph at lines 1003--1004
[]\T1/txtt/m/n/12 RHS \T1/qtm/m/n/12 (\T1/qtm/m/it/12 cbmpy.CBCommon.StructMatr
ixLP
 []


Underfull \hbox (badness 10000) in paragraph at lines 1004--1005
[]\T1/txtt/m/n/12 ridx \T1/qtm/m/n/12 (\T1/qtm/m/it/12 cbmpy.CBCommon.StructMat
rix at-
 []


Underfull \hbox (badness 10000) in paragraph at lines 1006--1007
[]\T1/txtt/m/n/12 roundOffWithSense() \T1/qtm/m/n/12 (\T1/qtm/m/it/12 in mod-ul
e
 []


Underfull \hbox (badness 10000) in paragraph at lines 1007--1008
[]\T1/txtt/m/n/12 row \T1/qtm/m/n/12 (\T1/qtm/m/it/12 cbmpy.CBCommon.StructMatr
ix at-
 []


Overfull \hbox (18.12643pt too wide) in paragraph at lines 1008--1009
[]\T1/txtt/m/n/12 rows() \T1/qtm/m/n/12 (\T1/qtm/m/it/12 cbmpy.fluxmodules.spar
serationals.Matrix
 []


Underfull \hbox (badness 10000) in paragraph at lines 1009--1010
[]\T1/txtt/m/n/12 runMultiCoreFVA() \T1/qtm/m/n/12 (\T1/qtm/m/it/12 in mod-ule
 []


Underfull \hbox (badness 10000) in paragraph at lines 1010--1011
[]\T1/txtt/m/n/12 runMultiStateFBA() \T1/qtm/m/n/12 (\T1/qtm/m/it/12 in mod-ule

 []


Underfull \hbox (badness 10000) in paragraph at lines 1017--1019
[]\T1/txtt/m/n/12 sbml_createAssociationFromAST() \T1/qtm/m/n/12 (\T1/qtm/m/it/
12 in
 []


Underfull \hbox (badness 10000) in paragraph at lines 1021--1022
[]\T1/txtt/m/n/12 sbml_createModelL2() \T1/qtm/m/n/12 (\T1/qtm/m/it/12 in mod-u
le
 []


Underfull \hbox (badness 5504) in paragraph at lines 1022--1023
[]\T1/txtt/m/n/12 sbml_exportSBML2FBAModel() \T1/qtm/m/n/12 (\T1/qtm/m/it/12 in
 mod-ule
 []


Underfull \hbox (badness 10000) in paragraph at lines 1023--1024
[]\T1/txtt/m/n/12 sbml_fileFindVersion() \T1/qtm/m/n/12 (\T1/qtm/m/it/12 in mod
-ule
 []


Underfull \hbox (badness 10000) in paragraph at lines 1024--1025
[]\T1/txtt/m/n/12 sbml_fileValidate() \T1/qtm/m/n/12 (\T1/qtm/m/it/12 in mod-ul
e
 []


Underfull \hbox (badness 10000) in paragraph at lines 1025--1026
[]\T1/txtt/m/n/12 sbml_getCVterms() \T1/qtm/m/n/12 (\T1/qtm/m/it/12 in mod-ule
 []


Package fancyhdr Warning: \headheight is too small (12.0pt): 
(fancyhdr)                Make it at least 14.49998pt, for example:
(fancyhdr)                \setlength{\headheight}{14.49998pt}.
(fancyhdr)                You might also make \topmargin smaller to compensate:

(fancyhdr)                \addtolength{\topmargin}{-2.49998pt}.

[193]
Underfull \hbox (badness 10000) in paragraph at lines 1026--1027
[]\T1/txtt/m/n/12 sbml_getGeneRefs() \T1/qtm/m/n/12 (\T1/qtm/m/it/12 in mod-ule

 []


Underfull \hbox (badness 10000) in paragraph at lines 1027--1028
[]\T1/txtt/m/n/12 sbml_getGPRasDictFBCv1() \T1/qtm/m/n/12 (\T1/qtm/m/it/12 in m
od-ule
 []


Underfull \hbox (badness 10000) in paragraph at lines 1028--1029
[]\T1/txtt/m/n/12 sbml_getGPRasDictFBCv2() \T1/qtm/m/n/12 (\T1/qtm/m/it/12 in m
od-ule
 []


Underfull \hbox (badness 10000) in paragraph at lines 1029--1030
[]\T1/txtt/m/n/12 sbml_getNotes() \T1/qtm/m/n/12 (\T1/qtm/m/it/12 in mod-ule
 []


Underfull \hbox (badness 10000) in paragraph at lines 1031--1032
[]\T1/txtt/m/n/12 sbml_readCOBRANote() \T1/qtm/m/n/12 (\T1/qtm/m/it/12 in mod-u
le
 []


Underfull \hbox (badness 10000) in paragraph at lines 1032--1033
[]\T1/txtt/m/n/12 sbml_readCOBRASBML() \T1/qtm/m/n/12 (\T1/qtm/m/it/12 in mod-u
le
 []


Underfull \hbox (badness 5316) in paragraph at lines 1034--1036
[]\T1/txtt/m/n/12 sbml_readKeyValueDataAnnotation() \T1/qtm/m/n/12 (\T1/qtm/m/i
t/12 in
 []


Underfull \hbox (badness 10000) in paragraph at lines 1036--1037
[]\T1/txtt/m/n/12 sbml_readSBML2FBA() \T1/qtm/m/n/12 (\T1/qtm/m/it/12 in mod-ul
e
 []


Underfull \hbox (badness 10000) in paragraph at lines 1037--1038
[]\T1/txtt/m/n/12 sbml_readSBML3FBC() \T1/qtm/m/n/12 (\T1/qtm/m/it/12 in mod-ul
e
 []


Underfull \hbox (badness 5504) in paragraph at lines 1038--1039
[]\T1/txtt/m/n/12 sbml_setAnnotationsL3Fbc() \T1/qtm/m/n/12 (\T1/qtm/m/it/12 in
 mod-ule
 []


Underfull \hbox (badness 10000) in paragraph at lines 1039--1040
[]\T1/txtt/m/n/12 sbml_setCompartmentsL2() \T1/qtm/m/n/12 (\T1/qtm/m/it/12 in m
od-ule
 []


Underfull \hbox (badness 10000) in paragraph at lines 1040--1041
[]\T1/txtt/m/n/12 sbml_setCompartmentsL3() \T1/qtm/m/n/12 (\T1/qtm/m/it/12 in m
od-ule
 []


Underfull \hbox (badness 10000) in paragraph at lines 1041--1042
[]\T1/txtt/m/n/12 sbml_setCVterms() \T1/qtm/m/n/12 (\T1/qtm/m/it/12 in mod-ule
 []


Underfull \hbox (badness 10000) in paragraph at lines 1042--1043
[]\T1/txtt/m/n/12 sbml_setDescription() \T1/qtm/m/n/12 (\T1/qtm/m/it/12 in mod-
ule
 []


Underfull \hbox (badness 10000) in paragraph at lines 1044--1045
[]\T1/txtt/m/n/12 sbml_setGroupsL3() \T1/qtm/m/n/12 (\T1/qtm/m/it/12 in mod-ule

 []


Underfull \hbox (badness 10000) in paragraph at lines 1045--1046
[]\T1/txtt/m/n/12 sbml_setNotes3() \T1/qtm/m/n/12 (\T1/qtm/m/it/12 in mod-ule
 []


Underfull \hbox (badness 10000) in paragraph at lines 1046--1047
[]\T1/txtt/m/n/12 sbml_setParametersL3Fbc() \T1/qtm/m/n/12 (\T1/qtm/m/it/12 in 
mod-ule
 []


Underfull \hbox (badness 10000) in paragraph at lines 1047--1048
[]\T1/txtt/m/n/12 sbml_setReactionsL2() \T1/qtm/m/n/12 (\T1/qtm/m/it/12 in mod-
ule
 []


Underfull \hbox (badness 10000) in paragraph at lines 1048--1049
[]\T1/txtt/m/n/12 sbml_setReactionsL3Fbc() \T1/qtm/m/n/12 (\T1/qtm/m/it/12 in m
od-ule
 []


Underfull \hbox (badness 10000) in paragraph at lines 1049--1050
[]\T1/txtt/m/n/12 sbml_setSpeciesL2() \T1/qtm/m/n/12 (\T1/qtm/m/it/12 in mod-ul
e
 []


Underfull \hbox (badness 10000) in paragraph at lines 1050--1051
[]\T1/txtt/m/n/12 sbml_setSpeciesL3() \T1/qtm/m/n/12 (\T1/qtm/m/it/12 in mod-ul
e
 []


Underfull \hbox (badness 10000) in paragraph at lines 1051--1052
[]\T1/txtt/m/n/12 sbml_setUnits() \T1/qtm/m/n/12 (\T1/qtm/m/it/12 in mod-ule
 []


Underfull \hbox (badness 10000) in paragraph at lines 1053--1054
[]\T1/txtt/m/n/12 sbml_validateDocument() \T1/qtm/m/n/12 (\T1/qtm/m/it/12 in mo
d-ule
 []


Underfull \hbox (badness 10000) in paragraph at lines 1056--1057
[]\T1/txtt/m/n/12 sbml_writeCOBRASBML() \T1/qtm/m/n/12 (\T1/qtm/m/it/12 in mod-
ule
 []


Underfull \hbox (badness 10000) in paragraph at lines 1059--1060
[]\T1/txtt/m/n/12 sbml_writeSBML2FBA() \T1/qtm/m/n/12 (\T1/qtm/m/it/12 in mod-u
le
 []


Underfull \hbox (badness 10000) in paragraph at lines 1060--1061
[]\T1/txtt/m/n/12 sbml_writeSBML3FBC() \T1/qtm/m/n/12 (\T1/qtm/m/it/12 in mod-u
le
 []


Underfull \hbox (badness 10000) in paragraph at lines 1061--1062
[]\T1/txtt/m/n/12 sbmllevel \T1/qtm/m/n/12 (\T1/qtm/m/it/12 cbmpy.CBXML.FBCconn
ect
 []


Underfull \hbox (badness 10000) in paragraph at lines 1062--1063
[]\T1/txtt/m/n/12 sbmlns \T1/qtm/m/n/12 (\T1/qtm/m/it/12 cbmpy.CBXML.FBCconnect
 at-
 []


Underfull \hbox (badness 10000) in paragraph at lines 1064--1065
[]\T1/txtt/m/n/12 SCALED_REDUCED_COSTS
 []


Underfull \hbox (badness 10000) in paragraph at lines 1064--1065
\T1/qtm/m/n/12 (\T1/qtm/m/it/12 cbmpy.CBModel.Model at-tribute\T1/qtm/m/n/12 ),

 []


Underfull \hbox (badness 10000) in paragraph at lines 1070--1071
[]\T1/txtt/m/n/12 sensitivity \T1/qtm/m/n/12 (\T1/qtm/m/it/12 cbmpy.CBModel.Mod
el at-
 []


Underfull \hbox (badness 10000) in paragraph at lines 1071--1072
[]\T1/txtt/m/n/12 serialize() \T1/qtm/m/n/12 (\T1/qtm/m/it/12 cbmpy.CBModel.Fba
se
 []


Underfull \hbox (badness 10000) in paragraph at lines 1072--1073
[]\T1/txtt/m/n/12 serialize() \T1/qtm/m/n/12 (\T1/qtm/m/it/12 cbmpy.CBModel.Gro
up
 []


Underfull \hbox (badness 10000) in paragraph at lines 1073--1074
[]\T1/txtt/m/n/12 serialize() \T1/qtm/m/n/12 (\T1/qtm/m/it/12 cbmpy.CBModel.Mod
el
 []


Package fancyhdr Warning: \headheight is too small (12.0pt): 
(fancyhdr)                Make it at least 14.49998pt, for example:
(fancyhdr)                \setlength{\headheight}{14.49998pt}.
(fancyhdr)                You might also make \topmargin smaller to compensate:

(fancyhdr)                \addtolength{\topmargin}{-2.49998pt}.

[194]
Underfull \hbox (badness 10000) in paragraph at lines 1078--1079
[]\T1/txtt/m/n/12 setActiveObjective()
 []


Underfull \hbox (badness 10000) in paragraph at lines 1078--1079
\T1/qtm/m/n/12 (\T1/qtm/m/it/12 cbmpy.CBModel.Model method\T1/qtm/m/n/12 ),
 []


Underfull \hbox (badness 10000) in paragraph at lines 1079--1080
[]\T1/txtt/m/n/12 setAllFluxBounds()
 []


Underfull \hbox (badness 10000) in paragraph at lines 1079--1080
\T1/qtm/m/n/12 (\T1/qtm/m/it/12 cbmpy.CBModel.Model method\T1/qtm/m/n/12 ),
 []


Underfull \hbox (badness 10000) in paragraph at lines 1080--1082
[]\T1/txtt/m/n/12 setAllGenesActive()
 []


Overfull \hbox (13.79852pt too wide) in paragraph at lines 1080--1082
\T1/qtm/m/n/12 (\T1/qtm/m/it/12 cbmpy.CBModel.GeneProteinAssociation
 []


Underfull \hbox (badness 10000) in paragraph at lines 1082--1084
[]\T1/txtt/m/n/12 setAllGenesInactive()
 []


Overfull \hbox (13.79852pt too wide) in paragraph at lines 1082--1084
\T1/qtm/m/n/12 (\T1/qtm/m/it/12 cbmpy.CBModel.GeneProteinAssociation
 []


Underfull \hbox (badness 10000) in paragraph at lines 1084--1085
[]\T1/txtt/m/n/12 setAllInactiveGPRBounds()
 []


Underfull \hbox (badness 10000) in paragraph at lines 1084--1085
\T1/qtm/m/n/12 (\T1/qtm/m/it/12 cbmpy.CBModel.Model method\T1/qtm/m/n/12 ),
 []


Underfull \hbox (badness 10000) in paragraph at lines 1085--1086
[]\T1/txtt/m/n/12 setAllProteinActivities()
 []


Underfull \hbox (badness 10000) in paragraph at lines 1085--1086
\T1/qtm/m/n/12 (\T1/qtm/m/it/12 cbmpy.CBModel.Model method\T1/qtm/m/n/12 ),
 []


Underfull \hbox (badness 10000) in paragraph at lines 1086--1087
[]\T1/txtt/m/n/12 setAnnotation() \T1/qtm/m/n/12 (\T1/qtm/m/it/12 cbmpy.CBModel
.Fbase
 []


Underfull \hbox (badness 10000) in paragraph at lines 1087--1088
[]\T1/txtt/m/n/12 setBoundary() \T1/qtm/m/n/12 (\T1/qtm/m/it/12 cbmpy.CBModel.S
pecies
 []


Underfull \hbox (badness 10000) in paragraph at lines 1088--1089
[]\T1/txtt/m/n/12 setBoundValueByName()
 []


Underfull \hbox (badness 10000) in paragraph at lines 1088--1089
\T1/qtm/m/n/12 (\T1/qtm/m/it/12 cbmpy.CBModel.Model method\T1/qtm/m/n/12 ),
 []


Overfull \hbox (2.38237pt too wide) in paragraph at lines 1090--1091
[]\T1/txtt/m/n/12 setByName() \T1/qtm/m/n/12 (\T1/qtm/m/it/12 cbmpy.CBCommon.St
ructMatrix
 []


Underfull \hbox (badness 10000) in paragraph at lines 1092--1093
[]\T1/txtt/m/n/12 setCharge() \T1/qtm/m/n/12 (\T1/qtm/m/it/12 cbmpy.CBModel.Spe
cies
 []


Underfull \hbox (badness 10000) in paragraph at lines 1094--1096
[]\T1/txtt/m/n/12 setCoefficient()
 []


Overfull \hbox (3.39449pt too wide) in paragraph at lines 1094--1096
\T1/qtm/m/n/12 (\T1/qtm/m/it/12 cbmpy.CBModel.ConstraintComponent
 []


Underfull \hbox (badness 10000) in paragraph at lines 1096--1097
[]\T1/txtt/m/n/12 setCoefficient()
 []


Underfull \hbox (badness 10000) in paragraph at lines 1096--1097
\T1/qtm/m/n/12 (\T1/qtm/m/it/12 cbmpy.CBModel.FluxObjective
 []


Underfull \hbox (badness 10000) in paragraph at lines 1097--1099
[]\T1/txtt/m/n/12 setCoefficient()
 []


Overfull \hbox (13.7865pt too wide) in paragraph at lines 1097--1099
\T1/qtm/m/n/12 (\T1/qtm/m/it/12 cbmpy.CBModel.FluxObjectiveQuadratic
 []


Underfull \hbox (badness 10000) in paragraph at lines 1100--1101
[]\T1/txtt/m/n/12 setCol() \T1/qtm/m/n/12 (\T1/qtm/m/it/12 cbmpy.CBCommon.Struc
tMatrix
 []


Underfull \hbox (badness 10000) in paragraph at lines 1101--1102
[]\T1/txtt/m/n/12 setCompartmentId()
 []


Underfull \hbox (badness 10000) in paragraph at lines 1101--1102
\T1/qtm/m/n/12 (\T1/qtm/m/it/12 cbmpy.CBModel.Fbase method\T1/qtm/m/n/12 ),
 []


Underfull \hbox (badness 10000) in paragraph at lines 1102--1103
[]\T1/txtt/m/n/12 setCreatedDate() \T1/qtm/m/n/12 (\T1/qtm/m/it/12 cbmpy.CBMode
l.Model
 []


Underfull \hbox (badness 10000) in paragraph at lines 1103--1104
[]\T1/txtt/m/n/12 setDescription() \T1/qtm/m/n/12 (\T1/qtm/m/it/12 cbmpy.CBMode
l.Model
 []


Underfull \hbox (badness 10000) in paragraph at lines 1104--1105
[]\T1/txtt/m/n/12 setDimensions()
 []


Underfull \hbox (badness 10000) in paragraph at lines 1104--1105
\T1/qtm/m/n/12 (\T1/qtm/m/it/12 cbmpy.CBModel.Compartment
 []


Underfull \hbox (badness 10000) in paragraph at lines 1105--1106
[]\T1/txtt/m/n/12 setFluxBoundsFromDict()
 []


Underfull \hbox (badness 10000) in paragraph at lines 1105--1106
\T1/qtm/m/n/12 (\T1/qtm/m/it/12 cbmpy.CBModel.Model method\T1/qtm/m/n/12 ),
 []


Underfull \hbox (badness 10000) in paragraph at lines 1106--1108
[]\T1/txtt/m/n/12 setGeneActive()
 []


Overfull \hbox (13.79852pt too wide) in paragraph at lines 1106--1108
\T1/qtm/m/n/12 (\T1/qtm/m/it/12 cbmpy.CBModel.GeneProteinAssociation
 []


Underfull \hbox (badness 10000) in paragraph at lines 1108--1109
[]\T1/txtt/m/n/12 setGeneActive() \T1/qtm/m/n/12 (\T1/qtm/m/it/12 cbmpy.CBModel
.Model
 []


Underfull \hbox (badness 10000) in paragraph at lines 1109--1111
[]\T1/txtt/m/n/12 setGeneInactive()
 []


Overfull \hbox (13.79852pt too wide) in paragraph at lines 1109--1111
\T1/qtm/m/n/12 (\T1/qtm/m/it/12 cbmpy.CBModel.GeneProteinAssociation
 []


Underfull \hbox (badness 10000) in paragraph at lines 1112--1113
[]\T1/txtt/m/n/12 setId() \T1/qtm/m/n/12 (\T1/qtm/m/it/12 cbmpy.CBModel.Compart
ment
 []


Underfull \hbox (badness 10000) in paragraph at lines 1116--1117
[]\T1/txtt/m/n/12 setId() \T1/qtm/m/n/12 (\T1/qtm/m/it/12 cbmpy.CBModel.Reactio
nNew
 []


Underfull \hbox (badness 10000) in paragraph at lines 1118--1119
[]\T1/txtt/m/n/12 setInactive() \T1/qtm/m/n/12 (\T1/qtm/m/it/12 cbmpy.CBModel.G
ene
 []


Package fancyhdr Warning: \headheight is too small (12.0pt): 
(fancyhdr)                Make it at least 14.49998pt, for example:
(fancyhdr)                \setlength{\headheight}{14.49998pt}.
(fancyhdr)                You might also make \topmargin smaller to compensate:

(fancyhdr)                \addtolength{\topmargin}{-2.49998pt}.

[195]
Underfull \hbox (badness 10000) in paragraph at lines 1122--1123
[]\T1/txtt/m/n/12 setLowerBound()
 []


Underfull \hbox (badness 10000) in paragraph at lines 1122--1123
\T1/qtm/m/n/12 (\T1/qtm/m/it/12 cbmpy.CBModel.ReactionNew
 []


Underfull \hbox (badness 10000) in paragraph at lines 1123--1125
[]\T1/txtt/m/n/12 setLowerBound()
 []


Overfull \hbox (8.7105pt too wide) in paragraph at lines 1123--1125
\T1/qtm/m/n/12 (\T1/qtm/m/it/12 cbmpy.CBModel.UserDefinedConstraint
 []


Underfull \hbox (badness 10000) in paragraph at lines 1125--1126
[]\T1/txtt/m/n/12 setMetaId() \T1/qtm/m/n/12 (\T1/qtm/m/it/12 cbmpy.CBModel.Fba
se
 []


Underfull \hbox (badness 10000) in paragraph at lines 1129--1130
[]\T1/txtt/m/n/12 setObjectiveFlux()
 []


Underfull \hbox (badness 10000) in paragraph at lines 1129--1130
\T1/qtm/m/n/12 (\T1/qtm/m/it/12 cbmpy.CBModel.Model method\T1/qtm/m/n/12 ),
 []


Underfull \hbox (badness 10000) in paragraph at lines 1130--1131
[]\T1/txtt/m/n/12 setObjectiveSense()
 []


Underfull \hbox (badness 10000) in paragraph at lines 1130--1131
\T1/qtm/m/n/12 (\T1/qtm/m/it/12 cbmpy.CBSolverX.LPBase method\T1/qtm/m/n/12 ),
 []


Underfull \hbox (badness 10000) in paragraph at lines 1131--1133
[]\T1/txtt/m/n/12 setObjRefOnComponents()
 []


Underfull \hbox (badness 10000) in paragraph at lines 1131--1133
\T1/qtm/m/n/12 (\T1/qtm/m/it/12 cbmpy.CBModel.ReactionNew
 []


Underfull \hbox (badness 10000) in paragraph at lines 1133--1135
[]\T1/txtt/m/n/12 setObjRefOnComponents()
 []


Overfull \hbox (8.7105pt too wide) in paragraph at lines 1133--1135
\T1/qtm/m/n/12 (\T1/qtm/m/it/12 cbmpy.CBModel.UserDefinedConstraint
 []


Underfull \hbox (badness 6526) in paragraph at lines 1135--1136
[]\T1/txtt/m/n/12 setOperation() \T1/qtm/m/n/12 (\T1/qtm/m/it/12 cbmpy.CBModel.
Objective
 []


Underfull \hbox (badness 10000) in paragraph at lines 1136--1138
[]\T1/txtt/m/n/12 setOperatorbyIdx()
 []


Underfull \hbox (badness 10000) in paragraph at lines 1136--1138
\T1/qtm/m/n/12 (\T1/qtm/m/it/12 cbmpy.CBCommon.StructMatrixLP
 []


Underfull \hbox (badness 10000) in paragraph at lines 1138--1140
[]\T1/txtt/m/n/12 setOperatorbyName()
 []


Underfull \hbox (badness 10000) in paragraph at lines 1138--1140
\T1/qtm/m/n/12 (\T1/qtm/m/it/12 cbmpy.CBCommon.StructMatrixLP
 []


Underfull \hbox (badness 10000) in paragraph at lines 1141--1142
[]\T1/txtt/m/n/12 setPrefix() \T1/qtm/m/n/12 (\T1/qtm/m/it/12 cbmpy.CBModel.Mod
el
 []


Overfull \hbox (51.40237pt too wide) in paragraph at lines 1142--1144
[]\T1/txtt/m/n/12 setProtein() \T1/qtm/m/n/12 (\T1/qtm/m/it/12 cbmpy.CBModel.Ge
neProteinAssociation
 []


Underfull \hbox (badness 10000) in paragraph at lines 1144--1145
[]\T1/txtt/m/n/12 setReactionBound()
 []


Underfull \hbox (badness 10000) in paragraph at lines 1144--1145
\T1/qtm/m/n/12 (\T1/qtm/m/it/12 cbmpy.CBModel.Model method\T1/qtm/m/n/12 ),
 []


Underfull \hbox (badness 10000) in paragraph at lines 1145--1146
[]\T1/txtt/m/n/12 setReactionBounds()
 []


Underfull \hbox (badness 10000) in paragraph at lines 1145--1146
\T1/qtm/m/n/12 (\T1/qtm/m/it/12 cbmpy.CBModel.Model method\T1/qtm/m/n/12 ),
 []


Underfull \hbox (badness 10000) in paragraph at lines 1146--1147
[]\T1/txtt/m/n/12 setReactionId()
 []


Underfull \hbox (badness 10000) in paragraph at lines 1147--1148
[]\T1/txtt/m/n/12 setReactionId()
 []


Underfull \hbox (badness 10000) in paragraph at lines 1147--1148
\T1/qtm/m/n/12 (\T1/qtm/m/it/12 cbmpy.CBModel.FluxObjective
 []


Underfull \hbox (badness 10000) in paragraph at lines 1148--1150
[]\T1/txtt/m/n/12 setReactionId()
 []


Overfull \hbox (13.7865pt too wide) in paragraph at lines 1148--1150
\T1/qtm/m/n/12 (\T1/qtm/m/it/12 cbmpy.CBModel.FluxObjectiveQuadratic
 []


Underfull \hbox (badness 10000) in paragraph at lines 1150--1152
[]\T1/txtt/m/n/12 setReactionId2()
 []


Overfull \hbox (13.7865pt too wide) in paragraph at lines 1150--1152
\T1/qtm/m/n/12 (\T1/qtm/m/it/12 cbmpy.CBModel.FluxObjectiveQuadratic
 []


Underfull \hbox (badness 10000) in paragraph at lines 1152--1154
[]\T1/txtt/m/n/12 setReactionIds()
 []


Overfull \hbox (13.7865pt too wide) in paragraph at lines 1152--1154
\T1/qtm/m/n/12 (\T1/qtm/m/it/12 cbmpy.CBModel.FluxObjectiveQuadratic
 []


Underfull \hbox (badness 10000) in paragraph at lines 1154--1155
[]\T1/txtt/m/n/12 setReactionLowerBound()
 []


Underfull \hbox (badness 10000) in paragraph at lines 1154--1155
\T1/qtm/m/n/12 (\T1/qtm/m/it/12 cbmpy.CBModel.Model method\T1/qtm/m/n/12 ),
 []


Underfull \hbox (badness 10000) in paragraph at lines 1155--1156
[]\T1/txtt/m/n/12 setReactionUpperBound()
 []


Underfull \hbox (badness 10000) in paragraph at lines 1155--1156
\T1/qtm/m/n/12 (\T1/qtm/m/it/12 cbmpy.CBModel.Model method\T1/qtm/m/n/12 ),
 []


Underfull \hbox (badness 10000) in paragraph at lines 1156--1157
[]\T1/txtt/m/n/12 setReagentOf() \T1/qtm/m/n/12 (\T1/qtm/m/it/12 cbmpy.CBModel.
Species
 []


Underfull \hbox (badness 10000) in paragraph at lines 1157--1158
[]\T1/txtt/m/n/12 setReducedCosts() \T1/qtm/m/n/12 (\T1/qtm/m/it/12 in mod-ule
 []


Underfull \hbox (badness 10000) in paragraph at lines 1158--1159
[]\T1/txtt/m/n/12 setRHSbyIdx()
 []


Underfull \hbox (badness 10000) in paragraph at lines 1158--1159
\T1/qtm/m/n/12 (\T1/qtm/m/it/12 cbmpy.CBCommon.StructMatrixLP
 []


Underfull \hbox (badness 10000) in paragraph at lines 1159--1160
[]\T1/txtt/m/n/12 setRHSbyName()
 []


Underfull \hbox (badness 10000) in paragraph at lines 1159--1160
\T1/qtm/m/n/12 (\T1/qtm/m/it/12 cbmpy.CBCommon.StructMatrixLP
 []


Underfull \hbox (badness 10000) in paragraph at lines 1160--1161
[]\T1/txtt/m/n/12 setRow() \T1/qtm/m/n/12 (\T1/qtm/m/it/12 cbmpy.CBCommon.Struc
tMatrix
 []


Underfull \hbox (badness 10000) in paragraph at lines 1161--1162
[]\T1/txtt/m/n/12 setSBOterm() \T1/qtm/m/n/12 (\T1/qtm/m/it/12 cbmpy.CBModel.Fb
ase
 []


Underfull \hbox (badness 10000) in paragraph at lines 1162--1163
[]\T1/txtt/m/n/12 setSharedAnnotation()
 []


Underfull \hbox (badness 10000) in paragraph at lines 1162--1163
\T1/qtm/m/n/12 (\T1/qtm/m/it/12 cbmpy.CBModel.Group method\T1/qtm/m/n/12 ),
 []


Underfull \hbox (badness 10000) in paragraph at lines 1163--1164
[]\T1/txtt/m/n/12 setSharedNotes() \T1/qtm/m/n/12 (\T1/qtm/m/it/12 cbmpy.CBMode
l.Group
 []


Underfull \hbox (badness 10000) in paragraph at lines 1164--1165
[]\T1/txtt/m/n/12 setSharedSBOterm()
 []


Underfull \hbox (badness 10000) in paragraph at lines 1164--1165
\T1/qtm/m/n/12 (\T1/qtm/m/it/12 cbmpy.CBModel.Group method\T1/qtm/m/n/12 ),
 []


Package fancyhdr Warning: \headheight is too small (12.0pt): 
(fancyhdr)                Make it at least 14.49998pt, for example:
(fancyhdr)                \setlength{\headheight}{14.49998pt}.
(fancyhdr)                You might also make \topmargin smaller to compensate:

(fancyhdr)                \addtolength{\topmargin}{-2.49998pt}.

[196]
Underfull \hbox (badness 10000) in paragraph at lines 1165--1166
[]\T1/txtt/m/n/12 setSize() \T1/qtm/m/n/12 (\T1/qtm/m/it/12 cbmpy.CBModel.Compa
rtment
 []


Underfull \hbox (badness 10000) in paragraph at lines 1166--1167
[]\T1/txtt/m/n/12 setSpecies() \T1/qtm/m/n/12 (\T1/qtm/m/it/12 cbmpy.CBModel.Re
agent
 []


Overfull \hbox (3.22205pt too wide) in paragraph at lines 1167--1169
[]\T1/txtt/m/n/12 setSpeciesPropertiesFromAnnotations()
 []


Underfull \hbox (badness 10000) in paragraph at lines 1169--1170
[]\T1/txtt/m/n/12 setStoichCoefficient()
 []


Underfull \hbox (badness 10000) in paragraph at lines 1170--1171
[]\T1/txtt/m/n/12 setSuffix() \T1/qtm/m/n/12 (\T1/qtm/m/it/12 cbmpy.CBModel.Mod
el
 []


Overfull \hbox (32.50241pt too wide) in paragraph at lines 1171--1172
[]\T1/txtt/m/n/12 setTree() \T1/qtm/m/n/12 (\T1/qtm/m/it/12 cbmpy.CBModel.GeneP
roteinAssociation
 []


Overfull \hbox (22.09837pt too wide) in paragraph at lines 1172--1173
[]\T1/txtt/m/n/12 setType() \T1/qtm/m/n/12 (\T1/qtm/m/it/12 cbmpy.CBModel.Const
raintComponent
 []


Underfull \hbox (badness 10000) in paragraph at lines 1173--1174
[]\T1/txtt/m/n/12 setType() \T1/qtm/m/n/12 (\T1/qtm/m/it/12 cbmpy.CBModel.FluxO
bjective
 []


Overfull \hbox (32.49039pt too wide) in paragraph at lines 1174--1175
[]\T1/txtt/m/n/12 setType() \T1/qtm/m/n/12 (\T1/qtm/m/it/12 cbmpy.CBModel.FluxO
bjectiveQuadratic
 []


Underfull \hbox (badness 10000) in paragraph at lines 1176--1177
[]\T1/txtt/m/n/12 setUpperBound()
 []


Underfull \hbox (badness 10000) in paragraph at lines 1176--1177
\T1/qtm/m/n/12 (\T1/qtm/m/it/12 cbmpy.CBModel.ReactionNew
 []


Underfull \hbox (badness 10000) in paragraph at lines 1177--1179
[]\T1/txtt/m/n/12 setUppperBound()
 []


Overfull \hbox (8.7105pt too wide) in paragraph at lines 1177--1179
\T1/qtm/m/n/12 (\T1/qtm/m/it/12 cbmpy.CBModel.UserDefinedConstraint
 []


Overfull \hbox (43.12238pt too wide) in paragraph at lines 1179--1181
[]\T1/txtt/m/n/12 setUpRoot() \T1/qtm/m/n/12 (\T1/qtm/m/it/12 cbmpy.fluxmodules
.decomposition.Vertex
 []


Underfull \hbox (badness 10000) in paragraph at lines 1181--1182
[]\T1/txtt/m/n/12 setValue() \T1/qtm/m/n/12 (\T1/qtm/m/it/12 cbmpy.CBModel.Flux
Bound
 []


Underfull \hbox (badness 10000) in paragraph at lines 1183--1184
[]\T1/txtt/m/n/12 setValue() \T1/qtm/m/n/12 (\T1/qtm/m/it/12 cbmpy.CBModel.Obje
ctive
 []


Underfull \hbox (badness 10000) in paragraph at lines 1184--1185
[]\T1/txtt/m/n/12 setValue() \T1/qtm/m/n/12 (\T1/qtm/m/it/12 cbmpy.CBModel.Para
meter
 []


Underfull \hbox (badness 10000) in paragraph at lines 1185--1186
[]\T1/txtt/m/n/12 setValue() \T1/qtm/m/n/12 (\T1/qtm/m/it/12 cbmpy.CBModel.Reac
tion
 []


Underfull \hbox (badness 10000) in paragraph at lines 1186--1187
[]\T1/txtt/m/n/12 setValue() \T1/qtm/m/n/12 (\T1/qtm/m/it/12 cbmpy.CBModel.Spec
ies
 []


Underfull \hbox (badness 10000) in paragraph at lines 1187--1188
[]\T1/txtt/m/n/12 setVariable()
 []


Overfull \hbox (3.39449pt too wide) in paragraph at lines 1187--1188
\T1/qtm/m/n/12 (\T1/qtm/m/it/12 cbmpy.CBModel.ConstraintComponent
 []


Underfull \hbox (badness 6300) in paragraph at lines 1188--1189
[]\T1/txtt/m/n/12 shadow_price \T1/qtm/m/n/12 (\T1/qtm/m/it/12 cbmpy.CBModel.Sp
ecies at-
 []


Underfull \hbox (badness 10000) in paragraph at lines 1189--1190
[]\T1/txtt/m/n/12 shape \T1/qtm/m/n/12 (\T1/qtm/m/it/12 cbmpy.CBCommon.StructMa
trix at-
 []


Underfull \hbox (badness 10000) in paragraph at lines 1190--1191
[]\T1/txtt/m/n/12 SimilarityMatrix \T1/qtm/m/n/12 (\T1/qtm/m/it/12 class in
 []


Underfull \hbox (badness 10000) in paragraph at lines 1191--1193
[]\T1/txtt/m/n/12 similarityMatrix()
 []


Underfull \hbox (badness 10000) in paragraph at lines 1191--1193
\T1/qtm/m/n/12 (\T1/qtm/m/it/12 cbmpy.fluxmodules.matroid.Matroid
 []


Underfull \hbox (badness 10000) in paragraph at lines 1194--1195
[]\T1/txtt/m/n/12 size \T1/qtm/m/n/12 (\T1/qtm/m/it/12 cbmpy.CBModel.Compartmen
t at-
 []


Underfull \hbox (badness 10000) in paragraph at lines 1195--1196
[]\T1/txtt/m/n/12 solution \T1/qtm/m/n/12 (\T1/qtm/m/it/12 cbmpy.CBModel.Object
ive at-
 []


Overfull \hbox (21.1144pt too wide) in paragraph at lines 1196--1197
[]\T1/txtt/m/n/12 solution \T1/qtm/m/n/12 (\T1/qtm/m/it/12 cbmpy.CBModel.UserDe
finedConstraint
 []


Underfull \hbox (badness 10000) in paragraph at lines 1198--1199
[]\T1/txtt/m/n/12 SOLUTION_STATUS_INT
 []


Underfull \hbox (badness 10000) in paragraph at lines 1198--1199
\T1/qtm/m/n/12 (\T1/qtm/m/it/12 cbmpy.CBModel.Model at-tribute\T1/qtm/m/n/12 ),

 []


Underfull \hbox (badness 10000) in paragraph at lines 1199--1200
[]\T1/txtt/m/n/12 sortReactionsById()
 []


Underfull \hbox (badness 10000) in paragraph at lines 1199--1200
\T1/qtm/m/n/12 (\T1/qtm/m/it/12 cbmpy.CBModel.Model method\T1/qtm/m/n/12 ),
 []


Underfull \hbox (badness 10000) in paragraph at lines 1201--1202
[]\T1/txtt/m/n/12 sourcefile \T1/qtm/m/n/12 (\T1/qtm/m/it/12 cbmpy.CBModel.Mode
l at-
 []


Underfull \hbox (badness 10000) in paragraph at lines 1204--1205
[]\T1/txtt/m/n/12 species_ref \T1/qtm/m/n/12 (\T1/qtm/m/it/12 cbmpy.CBModel.Rea
gent
 []


Underfull \hbox (badness 10000) in paragraph at lines 1205--1206
[]\T1/txtt/m/n/12 splitEqualityFluxBounds()
 []


Underfull \hbox (badness 10000) in paragraph at lines 1205--1206
\T1/qtm/m/n/12 (\T1/qtm/m/it/12 cbmpy.CBModel.Model method\T1/qtm/m/n/12 ),
 []


Overfull \hbox (36.82239pt too wide) in paragraph at lines 1206--1208
[]\T1/txtt/m/n/12 splitOff() \T1/qtm/m/n/12 (\T1/qtm/m/it/12 cbmpy.fluxmodules.
decomposition.Vertex
 []


Underfull \hbox (badness 10000) in paragraph at lines 1208--1210
[]\T1/txtt/m/n/12 splitOneModules()
 []


Overfull \hbox (54.11852pt too wide) in paragraph at lines 1208--1210
\T1/qtm/m/n/12 (\T1/qtm/m/it/12 cbmpy.fluxmodules.decomposition.Decomposition
 []


Underfull \hbox (badness 5504) in paragraph at lines 1210--1211
[]\T1/txtt/m/n/12 splitReversibleReactions() \T1/qtm/m/n/12 (\T1/qtm/m/it/12 in
 mod-ule
 []


Underfull \hbox (badness 10000) in paragraph at lines 1211--1213
[]\T1/txtt/m/n/12 splitSimple()
 []


Overfull \hbox (54.11852pt too wide) in paragraph at lines 1211--1213
\T1/qtm/m/n/12 (\T1/qtm/m/it/12 cbmpy.fluxmodules.decomposition.Decomposition
 []


Package fancyhdr Warning: \headheight is too small (12.0pt): 
(fancyhdr)                Make it at least 14.49998pt, for example:
(fancyhdr)                \setlength{\headheight}{14.49998pt}.
(fancyhdr)                You might also make \topmargin smaller to compensate:

(fancyhdr)                \addtolength{\topmargin}{-2.49998pt}.

[197]
Underfull \hbox (badness 10000) in paragraph at lines 1213--1215
[]\T1/txtt/m/n/12 splitSingleReversibleReaction() \T1/qtm/m/n/12 (\T1/qtm/m/it/
12 in
 []


Underfull \hbox (badness 10000) in paragraph at lines 1215--1217
[]\T1/txtt/m/n/12 splitZeroModules()
 []


Overfull \hbox (54.11852pt too wide) in paragraph at lines 1215--1217
\T1/qtm/m/n/12 (\T1/qtm/m/it/12 cbmpy.fluxmodules.decomposition.Decomposition
 []


Underfull \hbox (badness 10000) in paragraph at lines 1218--1219
[]\T1/txtt/m/n/12 sqlite_version \T1/qtm/m/n/12 (\T1/qtm/m/it/12 cbmpy.CBNetDB.
DBTools
 []


Underfull \hbox (badness 10000) in paragraph at lines 1220--1221
[]\T1/txtt/m/n/12 stringReplace() \T1/qtm/m/n/12 (\T1/qtm/m/it/12 in mod-ule
 []


Underfull \hbox (badness 10000) in paragraph at lines 1222--1223
[]\T1/txtt/m/n/12 StructMatrixLP \T1/qtm/m/n/12 (\T1/qtm/m/it/12 class in
 []


Underfull \hbox (badness 10000) in paragraph at lines 1228--1230
[]\T1/txtt/m/n/12 testGeneProteinAssociations()
 []


Underfull \hbox (badness 10000) in paragraph at lines 1228--1230
\T1/qtm/m/n/12 (\T1/qtm/m/it/12 cbmpy.CBModel.Model method\T1/qtm/m/n/12 ),
 []


Overfull \hbox (37.0264pt too wide) in paragraph at lines 1231--1233
[]\T1/txtt/m/n/12 toNumpy() \T1/qtm/m/n/12 (\T1/qtm/m/it/12 cbmpy.fluxmodules.s
parserationals.Matrix
 []


Overfull \hbox (49.62637pt too wide) in paragraph at lines 1233--1235
[]\T1/txtt/m/n/12 transpose() \T1/qtm/m/n/12 (\T1/qtm/m/it/12 cbmpy.fluxmodules
.sparserationals.Matrix
 []


Overfull \hbox (1.00247pt too wide) in paragraph at lines 1235--1236
[]\T1/txtt/m/n/12 tree \T1/qtm/m/n/12 (\T1/qtm/m/it/12 cbmpy.CBModel.GeneProtei
nAssociation
 []


Underfull \hbox (badness 10000) in paragraph at lines 1241--1242
[]\T1/txtt/m/n/12 uniqueCombinations()
 []


Underfull \hbox (badness 10000) in paragraph at lines 1241--1242
\T1/qtm/m/n/12 (\T1/qtm/m/it/12 cbmpy.CBCommon.ComboGen
 []


Underfull \hbox (badness 10000) in paragraph at lines 1242--1244
[]\T1/txtt/m/n/12 unRegisterObjectInGlobalStore()
 []


Underfull \hbox (badness 10000) in paragraph at lines 1244--1245
[]\T1/txtt/m/n/12 unsetBoundary() \T1/qtm/m/n/12 (\T1/qtm/m/it/12 cbmpy.CBModel
.Species
 []


Underfull \hbox (badness 10000) in paragraph at lines 1245--1246
[]\T1/txtt/m/n/12 updateData() \T1/qtm/m/n/12 (\T1/qtm/m/it/12 cbmpy.CBNetDB.DB
Tools
 []


Underfull \hbox (badness 10000) in paragraph at lines 1246--1247
[]\T1/txtt/m/n/12 updateNetwork() \T1/qtm/m/n/12 (\T1/qtm/m/it/12 cbmpy.CBModel
.Model
 []


Underfull \hbox (badness 10000) in paragraph at lines 1247--1248
[]\T1/txtt/m/n/12 URLDecode() \T1/qtm/m/n/12 (\T1/qtm/m/it/12 cbmpy.CBNetDB.Net
DBbase
 []


Underfull \hbox (badness 10000) in paragraph at lines 1248--1249
[]\T1/txtt/m/n/12 URLEncode() \T1/qtm/m/n/12 (\T1/qtm/m/it/12 cbmpy.CBNetDB.Net
DBbase
 []


Overfull \hbox (51.40237pt too wide) in paragraph at lines 1249--1251
[]\T1/txtt/m/n/12 use_compiled \T1/qtm/m/n/12 (\T1/qtm/m/it/12 cbmpy.CBModel.Ge
neProteinAssociation
 []


Underfull \hbox (badness 10000) in paragraph at lines 1252--1253
[]\T1/txtt/m/n/12 user_constraints \T1/qtm/m/n/12 (\T1/qtm/m/it/12 cbmpy.CBMode
l.Model
 []


Underfull \hbox (badness 10000) in paragraph at lines 1253--1255
[]\T1/txtt/m/n/12 user_defined_constraints
 []


Underfull \hbox (badness 10000) in paragraph at lines 1253--1255
\T1/qtm/m/n/12 (\T1/qtm/m/it/12 cbmpy.CBModel.Model at-tribute\T1/qtm/m/n/12 ),

 []


Underfull \hbox (badness 10000) in paragraph at lines 1255--1256
[]\T1/txtt/m/n/12 UserDefinedConstraint \T1/qtm/m/n/12 (\T1/qtm/m/it/12 class i
n
 []


Underfull \hbox (badness 5741) in paragraph at lines 1261--1262
[]\T1/txtt/m/n/12 value \T1/qtm/m/n/12 (\T1/qtm/m/it/12 cbmpy.CBModel.Objective
 at-tribute\T1/qtm/m/n/12 ),
 []


Overfull \hbox (15.79839pt too wide) in paragraph at lines 1265--1266
[]\T1/txtt/m/n/12 variable \T1/qtm/m/n/12 (\T1/qtm/m/it/12 cbmpy.CBModel.Constr
aintComponent
 []


Underfull \hbox (badness 10000) in paragraph at lines 1266--1268
[]\T1/txtt/m/n/12 verifyEdgeWidth()
 []


Overfull \hbox (54.11852pt too wide) in paragraph at lines 1266--1268
\T1/qtm/m/n/12 (\T1/qtm/m/it/12 cbmpy.fluxmodules.decomposition.Decomposition
 []


Underfull \hbox (badness 10000) in paragraph at lines 1268--1270
[]\T1/txtt/m/n/12 verifyFullyBranched()
 []


Overfull \hbox (54.11852pt too wide) in paragraph at lines 1268--1270
\T1/qtm/m/n/12 (\T1/qtm/m/it/12 cbmpy.fluxmodules.decomposition.Decomposition
 []


Underfull \hbox (badness 10000) in paragraph at lines 1270--1271
[]\T1/txtt/m/n/12 Vertex \T1/qtm/m/n/12 (\T1/qtm/m/it/12 class in
 []


Underfull \hbox (badness 10000) in paragraph at lines 1270--1271
\T1/qtm/m/it/12 cbmpy.fluxmodules.decomposition\T1/qtm/m/n/12 ),
 []


Underfull \hbox (badness 10000) in paragraph at lines 1271--1273
[]\T1/txtt/m/n/12 viewDataInWebrowser()
 []


Underfull \hbox (badness 10000) in paragraph at lines 1271--1273
\T1/qtm/m/n/12 (\T1/qtm/m/it/12 cbmpy.CBNetDB.SemanticSBML
 []


Overfull \hbox (22.9864pt too wide) in paragraph at lines 1273--1274
[]\T1/txtt/m/n/12 viewURL() \T1/qtm/m/n/12 (\T1/qtm/m/it/12 cbmpy.CBCommon.MIRI
AMannotation
 []


Package fancyhdr Warning: \headheight is too small (12.0pt): 
(fancyhdr)                Make it at least 14.49998pt, for example:
(fancyhdr)                \setlength{\headheight}{14.49998pt}.
(fancyhdr)                You might also make \topmargin smaller to compensate:

(fancyhdr)                \addtolength{\topmargin}{-2.49998pt}.

[198]
Underfull \hbox (badness 10000) in paragraph at lines 1274--1275
[]\T1/txtt/m/n/12 volume \T1/qtm/m/n/12 (\T1/qtm/m/it/12 cbmpy.CBModel.Compartm
ent at-
 []


Underfull \hbox (badness 10000) in paragraph at lines 1278--1279
[]\T1/txtt/m/n/12 with_metaclass() \T1/qtm/m/n/12 (\T1/qtm/m/it/12 in mod-ule
 []


Overfull \hbox (60.22243pt too wide) in paragraph at lines 1279--1281
[]\T1/txtt/m/n/12 write() \T1/qtm/m/n/12 (\T1/qtm/m/it/12 cbmpy.fluxmodules.dec
omposition.Decomposition
 []


Underfull \hbox (badness 5504) in paragraph at lines 1285--1286
[]\T1/txtt/m/n/12 xml_addSBML2FBAFluxBound() \T1/qtm/m/n/12 (\T1/qtm/m/it/12 in
 mod-ule
 []


Underfull \hbox (badness 5504) in paragraph at lines 1286--1287
[]\T1/txtt/m/n/12 xml_addSBML2FBAObjective() \T1/qtm/m/n/12 (\T1/qtm/m/it/12 in
 mod-ule
 []


Underfull \hbox (badness 10000) in paragraph at lines 1287--1289
[]\T1/txtt/m/n/12 xml_createListOfFluxObjectives() \T1/qtm/m/n/12 (\T1/qtm/m/it
/12 in
 []


Underfull \hbox (badness 10000) in paragraph at lines 1289--1290
[]\T1/txtt/m/n/12 xml_createSBML2FBADoc() \T1/qtm/m/n/12 (\T1/qtm/m/it/12 in mo
d-ule
 []


Underfull \hbox (badness 10000) in paragraph at lines 1292--1293
[]\T1/txtt/m/n/12 xml_stripTags() \T1/qtm/m/n/12 (\T1/qtm/m/it/12 in mod-ule
 []


Underfull \hbox (badness 10000) in paragraph at lines 1293--1294
[]\T1/txtt/m/n/12 xml_viewSBML2FBAXML() \T1/qtm/m/n/12 (\T1/qtm/m/it/12 in mod-
ule
 []


Package fancyhdr Warning: \headheight is too small (12.0pt): 
(fancyhdr)                Make it at least 14.49998pt, for example:
(fancyhdr)                \setlength{\headheight}{14.49998pt}.
(fancyhdr)                You might also make \topmargin smaller to compensate:

(fancyhdr)                \addtolength{\topmargin}{-2.49998pt}.

[199

]) (./CBMPy.aux)
 ***********
LaTeX2e <2023-11-01> patch level 1
L3 programming layer <2024-01-22>
 ***********
Package rerunfilecheck Info: File `CBMPy.out' has not changed.
(rerunfilecheck)             Checksum: 2DFE8D8ED072F93B3AF43D7876EEB6D6;9095.
 ) 
Here is how much of TeX's memory you used:
 19198 strings out of 476182
 350196 string characters out of 5795595
 1953975 words of memory out of 5000000
 39578 multiletter control sequences out of 15000+600000
 613956 words of font info for 93 fonts, out of 8000000 for 9000
 15 hyphenation exceptions out of 8191
 72i,12n,83p,2648b,829s stack positions out of 10000i,1000n,20000p,200000b,200000s
</usr/share/texlive/texmf-dist/fonts/type1/public/amsfonts/cm/cmmi6.pfb></usr
/share/texlive/texmf-dist/fonts/type1/public/amsfonts/cm/cmsy6.pfb></usr/share/
texmf/fonts/type1/public/tex-gyre/qhvb.pfb></usr/share/texmf/fonts/type1/public
/tex-gyre/qhvbi.pfb></usr/share/texmf/fonts/type1/public/tex-gyre/qhvr.pfb></us
r/share/texmf/fonts/type1/public/tex-gyre/qtmb.pfb></usr/share/texmf/fonts/type
1/public/tex-gyre/qtmr.pfb></usr/share/texmf/fonts/type1/public/tex-gyre/qtmri.
pfb></usr/share/texlive/texmf-dist/fonts/type1/public/txfonts/t1xbtt.pfb></usr/
share/texlive/texmf-dist/fonts/type1/public/txfonts/t1xtt.pfb></usr/share/texli
ve/texmf-dist/fonts/type1/public/txfonts/t1xtt.pfb></usr/share/texlive/texmf-di
st/fonts/type1/public/txfonts/tcxbtt.pfb></usr/share/texlive/texmf-dist/fonts/t
ype1/public/txfonts/tcxtt.pfb>
Output written on CBMPy.pdf (203 pages, 613557 bytes).
PDF statistics:
 3862 PDF objects out of 4296 (max. 8388607)
 3599 compressed objects within 36 object streams
 1228 named destinations out of 1440 (max. 500000)
 477 words of extra memory for PDF output out of 10000 (max. 10000000)

