{
 "BIGG2_iAF1260.xml": {
  "FBA": 0.736700938864
 },
 "L3FBCV1_iJR904.glc.xml": {
  "FBA": 1.0000000000000013
 },
 "L3FBCV2_iJR904.glc.xml": {
  "FBA": 1.0000000000000013
 },
 "L2FBA_iJR904.glc.xml": {
  "FBA": 1.0
 },
 "BIGG2_iIT341.xml": {
  "FBA": 0.692812693508
 }
}